"","address","name","newprice","oldprice","sales","reserve","general","holiday","link"
"1","
            朝阳区
        ","麦乐迪","￥59","￥496","20244","否","是","是","/deal/23127880"
"2","
            朝阳区
        ","温莎KTV（国贸店）","￥598","￥1682","2510","否","否","否","/deal/23424992"
"3","
            朝阳区
        ","温莎KTV（国贸店）","￥38","￥330","13587","是","否","否","/deal/19882866"
"4","
            朝阳区
        ","温莎KTV（爱琴海店）","￥290","￥1782","2330","否","否","否","/deal/23425315"
"5","
            朝阳区
        ","温莎KTV（爱琴海店）","￥520","￥2782","2552","否","否","否","/deal/23425338"
"6","
            朝阳区
        ","钱柜KTV","￥60","￥387","4411","否","否","是","/deal/23088641"
"7","
            朝阳区
        ","音畔量贩KTV","￥69","￥588","6025","否","否","否","/deal/13477104"
"8","
            朝阳区
        ","友乐汇","￥32","￥443.5","3778","否","否","是","/deal/24514520"
"9","
            朝阳区
        ","温莎KTV（国贸店）","￥698","￥1988","1529","否","否","否","/deal/23425112"
"10","
            朝阳区
        ","温莎KTV（爱琴海店）","￥560","￥2828","1243","否","否","否","/deal/23425347"
"11","
            朝阳区
        ","银马量贩纯k","￥18","￥368","41875","是","否","否","/deal/6366810"
"12","
            朝阳区
        ","麦乐迪KTV","￥288","￥1321","755","否","是","是","/deal/24521011"
"13","
            朝阳区
        ","同乐迪量贩KTV（望京华彩店）","￥25.9","￥398","1491","否","否","是","/deal/23771618"
"14","
            朝阳区
        ","北京纯K-SHOWTIME","￥35","￥168","8196","否","否","否","/deal/12312119"
"15","
            朝阳区
        ","北京纯K-SHOWTIME","￥34.9","￥152","23638","否","否","否","/deal/11977361"
"16","
            朝阳区
        ","温莎KTV","￥598","￥2588","671","是","是","是","/deal/21176388"
"17","
            朝阳区
        ","IBIZA伊贝莎风尚主题KTV","￥25","￥600","3943","是","否","是","/deal/22410460"
"18","
            朝阳区
        ","果冻ktv","￥6.6","￥478","10190","否","否","是","/deal/20867631"
"19","
            朝阳区
        ","同乐迪量贩KTV（望京华彩店）","￥30","￥298","2253","否","否","是","/deal/23906929"
"20","
            朝阳区
        ","都唛量贩KTV","￥39","￥290","1087","是","否","是","/deal/21977458"
"21","
            朝阳区
        ","酷姿时尚主题KTV","￥158","￥323","2140","否","是","是","/deal/13672884"
"22","
            朝阳区
        ","温莎KTV","￥158","￥2199","211","否","是","否","/deal/25420065"
"23","
            朝阳区
        ","温莎KTV","￥458","￥1668","420","是","是","是","/deal/20685704"
"24","
            朝阳区
        ","红石KTV","￥9.9","￥228","2578","是","否","是","/deal/19586143"
"25","
            朝阳区
        ","芒果派对量贩式ktv","￥19.9","￥156","1468","是","否","是","/deal/22171275"
"26","
            朝阳区
        ","钱柜KTV","￥100","￥487","693","否","否","是","/deal/23088784"
"27","
            朝阳区
        ","都唛量贩KTV","￥59","￥699","1951","是","否","是","/deal/21574674"
"28","
            朝阳区
        ","钱柜KTV","￥338","￥738","298","否","否","是","/deal/23156766"
"29","
            朝阳区
        ","炫音全自助KTV","￥49","￥237","2316","否","否","是","/deal/6003779"
"30","
            朝阳区
        ","银马量贩纯k","￥268","￥2656","236","是","否","否","/deal/22120312"
"31","
            朝阳区
        ","麦克风量贩式KTV","￥25","￥417","1324","否","否","是","/deal/21040597"
"32","
            朝阳区
        ","夏日情KTV（朝北欧尚店）","￥6.6","￥88","801","是","否","是","/deal/23646910"
"33","
            朝阳区
        ","麦乐迪KTV","￥788","￥2799","139","否","是","是","/deal/24643378"
"34","
            朝阳区
        ","温莎KTV（爱琴海店）","￥658","￥2782","110","否","否","否","/deal/23425329"
"35","
            朝阳区
        ","银马量贩纯k","￥238","￥2656","145","是","否","否","/deal/22111884"
"36","
            朝阳区
        ","糖果录音棚","￥49.9","￥200","123","否","是","是","/deal/22974187"
"37","
            朝阳区
        ","音乐之声","￥219","￥1041","2186","否","否","否","/deal/6185721"
"38","
            朝阳区
        ","寻梦缘KTV","￥68","￥720","858","否","否","否","/deal/17584463"
"39","
            朝阳区
        ","音乐之声","￥398","￥1058","99","否","否","否","/deal/23123951"
"40","
            朝阳区
        ","正兴KTV","￥15.8","￥368","1019","是","否","否","/deal/19912799"
"41","
            朝阳区
        ","尚艺墅KTV（朝阳北路店）","￥49.9","￥288","485","是","否","是","/deal/18314227"
"42","
            朝阳区
        ","夏日情KTV（朝北欧尚店）","￥168","￥288","133","是","否","否","/deal/22323104"
"43","
            朝阳区
        ","温莎KTV（国贸店）","￥798","￥2980","81","否","否","否","/deal/23425217"
"44","
            朝阳区
        ","芒果派对量贩式ktv","￥59.9","￥364","815","是","否","是","/deal/22171401"
"45","
            朝阳区
        ","麦哆KTV","￥60","￥168","340","是","否","否","/deal/19334213"
"46","
            朝阳区
        ","麦乐迪KTV","￥28","￥186","287","否","是","否","/deal/24520604"
"47","
            朝阳区
        ","蓝黛KTV","￥38","￥98","45","是","否","否","/deal/24592005"
"48","
            朝阳区
        ","正兴KTV","￥68","￥568","143","是","否","否","/deal/19913132"
"49","
            朝阳区
        ","玻璃樽量贩KTV","￥18.8","￥288","1057","是","否","是","/deal/21747662"
"50","
            朝阳区
        ","金晔四纪KTV（传媒大学店）","￥68","￥880","151","是","否","是","/deal/22783607"
"51","
            朝阳区
        ","音乐之声","￥298","￥1041","200","否","否","否","/deal/20787843"
"52","
            朝阳区
        ","金永KTV","￥29","￥90","393","是","否","是","/deal/23617581"
"53","
            朝阳区
        ","同乐迪量贩式KTV（望京华彩店）","￥65","￥598","133","否","否","是","/deal/25459816"
"54","
            朝阳区
        ","钱柜KTV","￥78","￥468","165","否","否","是","/deal/23285055"
"55","
            朝阳区
        ","忘归酒店量贩式KTV","￥128","￥294","158","否","否","否","/deal/15387457"
"56","
            朝阳区
        ","音乐之声","￥498","￥1258","55","否","否","否","/deal/23123401"
"57","
            朝阳区
        ","大望辉煌量贩式KTV","￥158","￥380","151","是","否","是","/deal/18825605"
"58","
            朝阳区
        ","七星岛8号俱乐部","￥198","￥750","89","否","是","是","/deal/8092224"
"59","
            朝阳区
        ","5号坊","￥35","￥560","138","否","否","是","/deal/23460796"
"60","
            朝阳区
        ","七星岛8号俱乐部","￥588","￥1800","92","否","是","是","/deal/10562742"
"61","
            朝阳区
        ","玻璃樽量贩KTV","￥268","￥598","53","是","否","是","/deal/22441403"
"62","
            朝阳区
        ","金晔四纪KTV（传媒大学店）","￥9.9","￥680","474","是","否","是","/deal/25838908"
"63","
            朝阳区
        ","天上天音乐会所","￥88","￥192","428","是","否","否","/deal/6408947"
"64","
            朝阳区
        ","都唛量贩KTV","￥69","￥699","371","是","否","是","/deal/21574838"
"65","
            朝阳区
        ","美景林量贩式ktv","￥180","￥230","20","是","否","是","/deal/23910799"
"66","
            朝阳区
        ","银马量贩纯k","￥368","￥2656","49","是","否","否","/deal/22120374"
"67","
            朝阳区
        ","正兴KTV","￥198","￥488","53","是","否","是","/deal/20095201"
"68","
            朝阳区
        ","美景林量贩式ktv","￥50","￥120","24","是","否","是","/deal/23986541"
"69","
            朝阳区
        ","金都世纪KTV","￥328","￥3280","31","是","否","是","/deal/23802178"
"70","
            朝阳区
        ","尚艺墅KTV（朝阳北路店）","￥158","￥588","99","是","否","是","/deal/17640087"
"71","
            朝阳区
        ","mio米藕录音","￥298","￥698","70","否","否","是","/deal/12538358"
"72","
            朝阳区
        ","夏日情KTV（朝北欧尚店）","￥88","￥268","15","是","否","是","/deal/23646927"
"73","
            朝阳区
        ","金晔四纪KTV（传媒大学店）","￥198","￥980","35","是","否","是","/deal/22802362"
"74","
            朝阳区
        ","玻璃樽量贩KTV","￥45","￥488","178","是","否","是","/deal/21747922"
"75","
            朝阳区
        ","金都世纪KTV","￥98","￥216","12","是","否","是","/deal/22922488"
"76","
            朝阳区
        ","爱奇艺秘宅","￥38","￥58","26","是","否","是","/deal/25448857"
"77","
            朝阳区
        ","金晔四纪KTV（传媒大学店）","￥298","￥1080","15","是","否","是","/deal/22802993"
"78","
            朝阳区
        ","角石录音棚","￥180","￥350","40","否","否","是","/deal/18752663"
"79","
            朝阳区
        ","玻璃樽量贩KTV","￥398","￥798","16","是","否","是","/deal/22441836"
"80","
            朝阳区
        ","乐游量贩式KTV","￥29.9","￥45","26","是","否","是","/deal/23324675"
"81","
            朝阳区
        ","mio米藕录音","￥598","￥1298","66","否","否","是","/deal/12539246"
"82","
            朝阳区
        ","盛声国际录音棚","￥240","￥400","151","否","否","是","/deal/2301212"
"83","
            朝阳区
        ","正兴KTV","￥360","￥690","7","是","否","是","/deal/20434317"
"84","
            朝阳区
        ","美景林量贩式ktv","￥260","￥350","5","是","否","是","/deal/23910897"
"85","
            朝阳区
        ","天上天音乐会所","￥128","￥440","49","是","否","否","/deal/6408958"
"86","
            朝阳区
        ","金晔四纪KTV（传媒大学店）","￥398","￥1280","3","是","否","是","/deal/22803724"
"87","
            朝阳区
        ","懒虫录音棚","￥528","￥700","36","否","否","是","/deal/20776035"
"88","
            朝阳区
        ","mio米藕录音","￥12999","￥22999","1","否","否","是","/deal/14343037"
"89","
            朝阳区
        ","正兴KTV","￥260","￥580","12","是","否","是","/deal/20434146"
"90","
            朝阳区
        ","金都世纪KTV","￥158","￥356","3","是","否","是","/deal/22972466"
"91","
            朝阳区
        ","都唛量贩KTV","￥66","￥98","6","是","否","是","/deal/21377238"
"92","
            朝阳区
        ","mio米藕录音","￥3988","￥8988","","否","否","是","/deal/12539371"
"93","
            朝阳区
        ","懒虫录音棚","￥688","￥800","9","否","否","是","/deal/21037911"
"94","
            朝阳区
        ","金都世纪KTV","￥268","￥2680","2","是","否","是","/deal/23802067"
"95","
            朝阳区
        ","正兴KTV","￥580","￥890","7","是","否","是","/deal/20434391"
"96","
            朝阳区
        ","mio米藕录音","￥28999","￥38999","","否","否","是","/deal/14343331"
"97","
            朝阳区
        ","角石录音棚","￥260","￥500","18","否","否","是","/deal/18741734"
"98","
            朝阳区
        ","金都世纪KTV","￥298","￥666","2","是","否","是","/deal/22974073"
"99","
            朝阳区
        ","金都世纪KTV","￥118","￥296","","是","否","是","/deal/22972221"
"100","
            朝阳区
        ","金都世纪KTV","￥158","￥396","","是","否","是","/deal/22972562"
"101","
            朝阳区
        ","mio米藕录音","￥798","￥3988","","否","否","是","/deal/14341239"
"102","
            朝阳区
        ","金都世纪KTV","￥298","￥2980","2","是","否","是","/deal/23802140"
"103","
            朝阳区
        ","美景林量贩式ktv","￥150","￥220","","是","否","是","/deal/23986868"
"104","
            朝阳区
        ","懒虫录音棚","￥1298","￥1299","3","否","否","是","/deal/20872750"
"105","
            朝阳区
        ","金都世纪KTV","￥208","￥546","","是","否","是","/deal/22974049"
"106","
            朝阳区
        ","金都世纪KTV","￥428","￥4280","1","是","否","是","/deal/23802234"
"107","
            朝阳区
        ","金都世纪KTV","￥208","￥476","","是","否","是","/deal/22973958"
"108","
            朝阳区
        ","金都世纪KTV","￥128","￥266","","是","否","是","/deal/22972078"
"109","
            朝阳区
        ","懒虫录音棚","￥5899","￥10999","","否","否","是","/deal/21122388"
"110","
            朝阳区
        ","美景林量贩式ktv","￥100","￥180","1","是","否","是","/deal/23986739"
"111","
            朝阳区
        ","金都世纪KTV","￥568","￥1416","","是","否","是","/deal/22974300"
"112","
            朝阳区
        ","美景林量贩式ktv","￥340","￥390","","是","否","是","/deal/23986933"
"113","
            朝阳区
        ","金都世纪KTV","￥398","￥996","","是","否","是","/deal/22974095"
"114","
            朝阳区
        ","金都世纪KTV","￥498","￥1236","","是","否","是","/deal/22974184"
"115","
            朝阳区
        ","金都世纪KTV","￥468","￥1108","","是","否","是","/deal/22974136"
"116","
            朝阳区
        ","萨克赛思ktv","￥45","￥440","2128","否","否","是","/deal/26497359"
"117","
            朝阳区
        ","亿好声音量贩式KTV","￥38","￥80","329","否","否","否","/deal/27392428"
"118","
            朝阳区
        ","多佐KTV","￥1980","￥3688","","否","否","是","/deal/27399661"
"119","
            朝阳区
        ","同乐迪量贩KTV（望京西路店）","￥39.9","￥198","82","否","否","是","/deal/27437976"
"120","
            朝阳区
        ","金凤凰ktv","￥258","￥386","","是","否","是","/deal/27515508"
"121","
            朝阳区
        ","萨克赛思KTV","￥45","￥181","493","否","是","是","/deal/26209345"
"122","
            朝阳区
        ","温莎KTV（国贸店）","￥298","￥1980","31","否","否","是","/deal/27750442"
"123","
            朝阳区
        ","多佐ktv","￥39","￥436","206","否","否","是","/deal/26146328"
"124","
            朝阳区
        ","乐游KTV","￥88","￥128","2","是","否","是","/deal/27203809"
"125","
            朝阳区
        ","同乐迪量贩KTV（望京西路店）","￥369","￥429","3","否","否","否","/deal/27284733"
"126","
            朝阳区
        ","白若溪STUDIO","￥298","￥600","15","否","否","是","/deal/27328486"
"127","
            朝阳区
        ","尚客Upper电影主题KTV","￥999","￥1630","1","否","否","否","/deal/27436339"
"128","
            朝阳区
        ","火石录音棚","￥4000","￥20000","","否","否","是","/deal/26956809"
"129","
            朝阳区
        ","唱吧麦颂KTV","￥529","￥788","105","是","是","是","/deal/26693641"
"130","
            朝阳区
        ","唱吧麦颂KTV","￥429","￥688","98","是","是","是","/deal/26694095"
"131","
            朝阳区
        ","唱吧麦颂KTV","￥319","￥488","243","是","是","是","/deal/26693288"
"132","
            朝阳区
        ","唱吧麦颂KTV","￥559","￥788","39","是","是","是","/deal/26695628"
"133","
            朝阳区
        ","唱吧麦颂KTV","￥35","￥360","1456","是","是","是","/deal/26601840"
"134","
            朝阳区
        ","多佐KTV","￥1280","￥2688","3","否","否","是","/deal/26189955"
"135","
            朝阳区
        ","同乐迪量贩KTV（望京西路店）","￥299","￥369","6","否","否","是","/deal/27284770"
"136","
            朝阳区
        ","多佐KTV","￥1280","￥2688","","否","否","否","/deal/27399418"
"137","
            朝阳区
        ","火石录音棚","￥200","￥500","","否","否","是","/deal/26613849"
"138","
            朝阳区
        ","温莎KTV（国贸店）","￥358","￥1980","20","否","否","是","/deal/27750467"
"139","
            朝阳区
        ","东方帝豪ktv","￥9.9","￥80","84","是","否","是","/deal/26065612"
"140","
            朝阳区
        ","乐游KTV","￥58","￥88","2","是","否","是","/deal/27203442"
"141","
            朝阳区
        ","蓝黛KTV","￥108","￥598","1","是","否","是","/deal/27160080"
"142","
            朝阳区
        ","同乐迪量贩KTV（望京西路店）","￥429","￥499","3","否","否","是","/deal/27284789"
"143","
            朝阳区
        ","同乐迪量贩KTV（望京西路店）","￥9.9","￥69","75","否","否","是","/deal/27846214"
"144","
            朝阳区
        ","音乐之声","￥36","￥330","38","否","否","是","/deal/26916990"
"145","
            朝阳区
        ","音乐之声","￥18","￥80","347","否","否","是","/deal/26916630"
"146","
            朝阳区
        ","唱吧麦颂KTV","￥45","￥560","7136","是","是","是","/deal/26603394"
"147","
            朝阳区
        ","唱吧麦颂KTV","￥419","￥588","69","是","是","是","/deal/26695533"
"148","
            朝阳区
        ","唱吧麦颂KTV","￥459","￥648","41","是","是","是","/deal/26695573"
"149","
            朝阳区
        ","火石录音棚","￥2000","￥5000","","否","否","是","/deal/26956785"
"150","
            朝阳区
        ","乐游量贩式KTV","￥68","￥568","","是","否","是","/deal/27401147"
"151","
            朝阳区
        ","同乐迪量贩KTV（望京西路店）","￥269","￥369","5","否","否","否","/deal/27284596"
"152","
            朝阳区
        ","好乐迪KTV","￥49","￥540","757","是","否","是","/deal/27033702"
"153","
            朝阳区
        ","萨克赛思ktv","￥45","￥440","1192","否","否","是","/deal/26208697"
"154","
            朝阳区
        ","火石录音棚","￥650","￥1800","","否","否","是","/deal/26280334"
"155","
            朝阳区
        ","蓝黛KTV","￥30","￥50","","是","否","是","/deal/27160952"
"156","
            朝阳区
        ","唱吧麦颂KTV","￥229","￥388","306","是","是","是","/deal/26692858"
"157","
            朝阳区
        ","唱吧麦颂KTV","￥269","￥488","536","是","是","是","/deal/26693222"
"158","
            朝阳区
        ","唱吧麦颂KTV","￥329","￥488","325","是","是","是","/deal/26694498"
"159","
            朝阳区
        ","唱吧麦颂KTV","￥399","￥588","356","是","是","是","/deal/26694692"
"160","
            朝阳区
        ","唱吧麦颂KTV","￥439","￥588","158","是","是","是","/deal/26694778"
"161","
            朝阳区
        ","唱吧麦颂KTV","￥35","￥360","1456","是","是","是","/deal/26601840"
"162","
            朝阳区
        ","唱吧麦颂KTV","￥169","￥360","47","是","是","是","/deal/26695725"
"163","
            朝阳区
        ","唱吧麦颂量贩式KTV","￥199","￥480","94","是","是","是","/deal/26695956"
"164","
            朝阳区
        ","唱吧麦颂KTV","￥45","￥560","7136","是","是","是","/deal/26603394"
"165","
            朝阳区
        ","唱吧麦颂KTV","￥419","￥588","69","是","是","是","/deal/26695533"
"166","
            朝阳区
        ","唱吧麦颂KTV","￥459","￥648","41","是","是","是","/deal/26695573"
"167","
            朝阳区
        ","多佐ktv","￥1980","￥3180","2","否","否","是","/deal/26191488"
"168","
            朝阳区
        ","尚客Upper电影主题KTV","￥1680","￥2366","6","否","否","否","/deal/26609848"
"169","
            朝阳区
        ","萨克赛思ktv","￥23","￥440","1148","否","是","是","/deal/26207355"
"170","
            朝阳区
        ","蓝黛KTV","￥10","￥50","7","是","否","是","/deal/27203080"
"171","
            朝阳区
        ","金凤凰ktv","￥158","￥286","2","是","否","是","/deal/27515388"
"172","
            朝阳区
        ","尚艺墅KTV（朝阳北路店）","￥66","￥288","181","是","否","是","/deal/26247260"
"173","
            朝阳区
        ","火石录音棚","￥150","￥350","1","否","否","是","/deal/26279217"
"174","
            朝阳区
        ","火石录音棚","￥298","￥675","3","否","否","是","/deal/26280141"
"175","
            朝阳区
        ","尚客Upper电影主题KTV","￥1380","￥1630","1","是","否","否","/deal/26353145"
"176","
            朝阳区
        ","金凤凰ktv","￥88","￥186","4","是","否","是","/deal/27515138"
"177","
            朝阳区
        ","江南汇ktv","￥9.9","￥48","367","是","否","是","/deal/27291226"
"178","
            朝阳区
        ","火石录音棚","￥1200","￥2000","","否","否","是","/deal/26956829"
"179","
            朝阳区
        ","乐界KTV","￥120","￥864","1","否","否","是","/deal/27892016"
"180","
            朝阳区
        ","乐界KTV","￥88","￥864","2","否","否","是","/deal/27892065"
"181","
            朝阳区
        ","乐界KTV","￥498","￥864","2","否","否","是","/deal/27892180"
"182","
            朝阳区
        ","乐界KTV","￥198","￥864","3","否","否","是","/deal/27892077"
"183","
            朝阳区
        ","乐界KTV","￥398","￥864","1","否","否","是","/deal/27892154"
"184","
            朝阳区
        ","乐界KTV","￥188","￥864","1","否","否","是","/deal/27892095"
"185","
            朝阳区
        ","唱吧麦颂KTV","￥329","￥488","325","是","是","是","/deal/26694498"
"186","
            朝阳区
        ","唱吧麦颂KTV","￥399","￥588","356","是","是","是","/deal/26694692"
"187","
            朝阳区
        ","唱吧麦颂KTV","￥439","￥588","158","是","是","是","/deal/26694778"
"188","
            朝阳区
        ","唱吧麦颂KTV","￥539","￥688","134","是","是","是","/deal/26694909"
"189","
            朝阳区
        ","唱吧麦颂KTV","￥269","￥488","555","是","是","是","/deal/26694394"
"190","
            朝阳区
        ","唱吧麦颂KTV","￥359","￥588","399","是","是","是","/deal/26693472"
"191","
            朝阳区
        ","唱吧麦颂KTV","￥45","￥560","25741","是","是","是","/deal/26602077"
"192","
            朝阳区
        ","唱吧麦颂KTV","￥229","￥388","374","是","是","是","/deal/26694190"
"193","
            朝阳区
        ","唱吧麦颂KTV","￥45","￥560","32214","是","是","是","/deal/26601913"
"194","
            朝阳区
        ","音乐之声","￥36","￥330","38","否","否","是","/deal/26916990"
"195","
            朝阳区
        ","音乐之声","￥18","￥80","347","否","否","是","/deal/26916630"
"196","
            海淀区
        ","温莎KTV（花园桥店）","￥298","￥2952","2146","否","否","否","/deal/23425249"
"197","
            海淀区
        ","帝凯乐互动式氧吧KTV","￥42","￥395","1875","否","否","是","/deal/24710208"
"198","
            海淀区
        ","温莎KTV（花园桥店）","￥458","￥1952","1743","否","否","是","/deal/24193691"
"199","
            海淀区
        ","千子桐KTV","￥9.9","￥218","7325","是","否","否","/deal/22788779"
"200","
            海淀区
        ","欢乐汇量贩KTV","￥39","￥264","27881","是","否","是","/deal/12261175"
"201","
            海淀区
        ","唱吧麦颂KTV","￥45","￥560","5984","是","否","是","/deal/23376766"
"202","
            海淀区
        ","帝凯乐互动式氧吧KTV","￥42","￥395","2074","否","否","是","/deal/24798860"
"203","
            海淀区
        ","北方鑫柜KTV","￥16","￥108","5577","否","否","否","/deal/14765635"
"204","
            海淀区
        ","温莎KTV","￥598","￥2588","671","是","是","是","/deal/21176388"
"205","
            海淀区
        ","桃屋量贩KTV","￥25","￥225","423","否","否","是","/deal/14772745"
"206","
            海淀区
        ","温莎KTV","￥158","￥2199","211","否","是","否","/deal/25420065"
"207","
            海淀区
        ","温莎KTV","￥458","￥1668","420","是","是","是","/deal/20685704"
"208","
            海淀区
        ","乐府（WeLive）量贩式KTV","￥68","￥188","445","否","否","是","/deal/22646638"
"209","
            海淀区
        ","糖潮量贩式KTV（中关村店）","￥39","￥299","1547","否","否","否","/deal/22072482"
"210","
            海淀区
        ","山彦量贩KTV","￥30","￥298","782","否","否","是","/deal/12784412"
"211","
            海淀区
        ","友乐汇","￥258","￥762","394","否","否","是","/deal/21574524"
"212","
            海淀区
        ","金嘉丽音乐广场","￥29","￥80","877","是","否","是","/deal/9870131"
"213","
            海淀区
        ","金夜欢聚主题ktv","￥468","￥2680","227","否","否","否","/deal/22013162"
"214","
            海淀区
        ","尚艺墅ktv（海淀清河店）","￥198","￥508","390","是","否","是","/deal/14781345"
"215","
            海淀区
        ","正达KTV","￥169","￥409","515","是","否","否","/deal/14783903"
"216","
            海淀区
        ","佳飞录音棚","￥150","￥400","899","否","否","否","/deal/2196865"
"217","
            海淀区
        ","东方维也纳KTV","￥19.9","￥100","872","是","否","是","/deal/12078615"
"218","
            海淀区
        ","千子桐KTV","￥136","￥785","197","是","否","否","/deal/22803407"
"219","
            海淀区
        ","温莎KTV（花园桥店）","￥598","￥2952","109","否","否","否","/deal/23425263"
"220","
            海淀区
        ","世纪金柜量贩KTV","￥39","￥88","180","是","否","否","/deal/23724094"
"221","
            海淀区
        ","北外flowerktv","￥19.5","￥184","5627","否","否","是","/deal/5244124"
"222","
            海淀区
        ","舵手量贩KTV","￥338","￥460","101","是","否","是","/deal/21862867"
"223","
            海淀区
        ","金嘉丽音乐广场","￥40","￥120","623","是","否","是","/deal/9941132"
"224","
            海淀区
        ","舵手量贩KTV","￥228","￥360","73","是","否","是","/deal/21862790"
"225","
            海淀区
        ","金夜欢聚主题KTV","￥298","￥1680","207","否","否","否","/deal/18068810"
"226","
            海淀区
        ","尚艺墅ktv（海淀清河店）","￥158","￥388","198","是","否","否","/deal/14783123"
"227","
            海淀区
        ","同乐迪量贩KTV","￥238","￥660","119","否","是","否","/deal/20113200"
"228","
            海淀区
        ","江南春KTV","￥29.9","￥80","366","否","否","是","/deal/23040585"
"229","
            海淀区
        ","同乐迪量贩KTV","￥218","￥660","96","否","是","否","/deal/20112879"
"230","
            海淀区
        ","糖潮量贩式KTV（西直门店）","￥38","￥288","382","是","否","是","/deal/24249368"
"231","
            海淀区
        ","同乐迪量贩KTV","￥218","￥660","118","否","是","否","/deal/20113037"
"232","
            海淀区
        ","正达KTV","￥289","￥539","159","是","否","否","/deal/14783665"
"233","
            海淀区
        ","糖潮量贩式KTV（华润五彩城店）","￥19.9","￥298","438","否","否","是","/deal/24185093"
"234","
            海淀区
        ","同乐迪量贩KTV","￥198","￥660","132","否","是","否","/deal/20112433"
"235","
            海淀区
        ","金夜欢聚主题KTV","￥268","￥1680","42","否","否","是","/deal/23681363"
"236","
            海淀区
        ","上地e族ktv","￥188","￥320","79","是","否","否","/deal/20339613"
"237","
            海淀区
        ","友乐汇ktv","￥358","￥862","79","否","否","是","/deal/21574668"
"238","
            海淀区
        ","佳飞录音棚","￥186","￥600","53","否","否","否","/deal/23126436"
"239","
            海淀区
        ","金夜欢聚主题ktv","￥368","￥1680","114","否","否","是","/deal/19754264"
"240","
            海淀区
        ","糖潮量贩式KTV（中关村店）","￥58","￥399","32","否","否","否","/deal/24187982"
"241","
            海淀区
        ","鑫源主题式量贩KTV","￥9.9","￥188","323","否","否","是","/deal/23179481"
"242","
            海淀区
        ","美丽神话KTV","￥38","￥220","740","是","否","是","/deal/6073412"
"243","
            海淀区
        ","糖潮量贩式KTV（中关村店）","￥368","￥699","67","否","否","否","/deal/22073002"
"244","
            海淀区
        ","完美风暴娱乐会所","￥9.9","￥88","181","是","否","是","/deal/20513199"
"245","
            海淀区
        ","友乐汇ktv","￥598","￥1862","35","否","否","是","/deal/21574932"
"246","
            海淀区
        ","糖潮量贩式KTV（西直门店）","￥369","￥569","21","否","否","是","/deal/25248812"
"247","
            海淀区
        ","流金岁月音乐广场","￥30","￥170","803","是","否","是","/deal/6198980"
"248","
            海淀区
        ","完美风暴娱乐会所","￥19.9","￥188","112","是","否","是","/deal/21672591"
"249","
            海淀区
        ","爱麦量贩式KTV","￥418","￥680","18","是","否","是","/deal/22548006"
"250","
            海淀区
        ","舵手量贩KTV","￥458","￥560","22","是","否","是","/deal/21862967"
"251","
            海淀区
        ","东方维也纳KTV","￥158","￥680","32","是","否","是","/deal/12078825"
"252","
            海淀区
        ","正达KTV","￥280","￥409","25","是","否","否","/deal/20927188"
"253","
            海淀区
        ","上地e族ktv","￥288","￥460","27","是","否","否","/deal/20339680"
"254","
            海淀区
        ","金夜欢聚主题ktv","￥168","￥1680","10","否","否","是","/deal/23681352"
"255","
            海淀区
        ","凯乐尔KTV","￥28","￥52","115","是","否","是","/deal/13463626"
"256","
            海淀区
        ","山彦量贩KTV","￥89","￥468","73","否","否","否","/deal/8447133"
"257","
            海淀区
        ","上地e族ktv","￥388","￥580","10","是","否","否","/deal/20339728"
"258","
            海淀区
        ","世纪金柜量贩KTV","￥39","￥88","9","是","否","否","/deal/23854968"
"259","
            海淀区
        ","江南春KTV","￥29.9","￥80","50","否","否","是","/deal/23040186"
"260","
            海淀区
        ","佳飞录音棚","￥598","￥1980","58","否","否","否","/deal/8250462"
"261","
            海淀区
        ","正达KTV","￥388","￥820","23","是","否","否","/deal/14783796"
"262","
            海淀区
        ","东方维也纳KTV","￥268","￥800","8","是","否","否","/deal/12078882"
"263","
            海淀区
        ","美丽神话KTV","￥68","￥260","102","是","否","是","/deal/6073420"
"264","
            海淀区
        ","东方维也纳KTV","￥480","￥2900","2","是","否","否","/deal/12078937"
"265","
            海淀区
        ","佳飞录音棚","￥898","￥2980","2","否","否","是","/deal/23822169"
"266","
            海淀区
        ","金嘉丽音乐广场","￥120","￥300","4","是","否","是","/deal/14671850"
"267","
            海淀区
        ","东方维也纳KTV","￥580","￥3800","1","是","否","否","/deal/12078983"
"268","
            海淀区
        ","金嘉丽音乐广场","￥200","￥400","1","是","否","是","/deal/14670457"
"269","
            海淀区
        ","糖潮量贩式KTV（西直门店）","￥569","￥769","3","否","否","是","/deal/25248866"
"270","
            海淀区
        ","江南春KTV","￥688","￥798","1","否","否","是","/deal/23455081"
"271","
            海淀区
        ","江南春KTV","￥398","￥498","3","否","否","是","/deal/23455057"
"272","
            海淀区
        ","江南春KTV","￥298","￥398","1","否","否","是","/deal/23454993"
"273","
            海淀区
        ","江南春KTV","￥498","￥598","1","否","否","是","/deal/23455100"
"274","
            海淀区
        ","舵手量贩KTV","￥458","￥560","1","是","否","是","/deal/25755174"
"275","
            海淀区
        ","梦想之音KTV","￥58","￥428","36","否","否","是","/deal/26330144"
"276","
            海淀区
        ","同乐迪量贩KTV（公主坟店）","￥39.9","￥298","634","否","否","是","/deal/27181507"
"277","
            海淀区
        ","唱吧麦颂KTV","￥229","￥388","306","是","是","是","/deal/26692858"
"278","
            海淀区
        ","唱吧麦颂KTV","￥269","￥488","536","是","是","是","/deal/26693222"
"279","
            海淀区
        ","唱吧麦颂KTV","￥329","￥488","325","是","是","是","/deal/26694498"
"280","
            海淀区
        ","唱吧麦颂KTV","￥399","￥588","356","是","是","是","/deal/26694692"
"281","
            海淀区
        ","唱吧麦颂KTV","￥439","￥588","158","是","是","是","/deal/26694778"
"282","
            海淀区
        ","唱吧麦颂KTV","￥539","￥688","134","是","是","是","/deal/26694909"
"283","
            海淀区
        ","唱吧麦颂KTV","￥269","￥488","555","是","是","是","/deal/26694394"
"284","
            海淀区
        ","唱吧麦颂KTV","￥359","￥588","399","是","是","是","/deal/26693472"
"285","
            海淀区
        ","唱吧麦颂KTV","￥45","￥560","25741","是","是","是","/deal/26602077"
"286","
            海淀区
        ","唱吧麦颂KTV","￥229","￥388","374","是","是","是","/deal/26694190"
"287","
            海淀区
        ","唱吧麦颂KTV","￥45","￥560","32214","是","是","是","/deal/26601913"
"288","
            海淀区
        ","唱吧麦颂KTV","￥199","￥360","130","是","是","是","/deal/26690322"
"289","
            海淀区
        ","唱吧麦颂KTV","￥289","￥460","79","是","是","是","/deal/26691299"
"290","
            海淀区
        ","唱吧麦颂KTV","￥419","￥660","17","是","是","是","/deal/26692611"
"291","
            海淀区
        ","唱吧麦颂KTV","￥239","￥460","76","是","是","是","/deal/26690903"
"292","
            海淀区
        ","唱吧麦颂KTV","￥519","￥760","12","是","是","是","/deal/26692455"
"293","
            海淀区
        ","唱吧麦颂KTV","￥35","￥360","7663","是","是","是","/deal/26591632"
"294","
            海淀区
        ","唱吧麦颂KTV","￥329","￥560","72","是","是","是","/deal/26691389"
"295","
            海淀区
        ","17英里ktv","￥30","￥99","388","否","否","否","/deal/27287696"
"296","
            海淀区
        ","同乐迪量贩KTV（公主坟店）","￥49.9","￥598","78","否","否","是","/deal/25966314"
"297","
            海淀区
        ","糖潮量贩式KTV（西直门店）","￥99","￥769","59","否","否","是","/deal/26869886"
"298","
            海淀区
        ","梦想之音KTV","￥58","￥428","36","否","否","是","/deal/26330144"
"299","
            海淀区
        ","同乐迪量贩KTV","￥258","￥660","3","否","否","是","/deal/27284923"
"300","
            海淀区
        ","乐府（WeLive）量贩式KTV","￥38","￥80","","否","否","否","/deal/27181042"
"301","
            海淀区
        ","乐府（WeLive）量贩式KTV","￥68","￥150","1","否","否","否","/deal/27182109"
"302","
            海淀区
        ","同乐迪量贩KTV","￥238","￥660","2","否","否","是","/deal/27284955"
"303","
            海淀区
        ","糖潮量贩式KTV（华润五彩城店）","￥188","￥498","13","否","否","是","/deal/27061200"
"304","
            海淀区
        ","唱吧麦颂KTV","￥529","￥788","105","是","是","是","/deal/26693641"
"305","
            海淀区
        ","唱吧麦颂KTV","￥429","￥688","98","是","是","是","/deal/26694095"
"306","
            海淀区
        ","唱吧麦颂KTV","￥319","￥488","243","是","是","是","/deal/26693288"
"307","
            海淀区
        ","赛乐堡量贩KTV","￥49","￥298","342","否","否","是","/deal/26950154"
"308","
            西城区
        ","麦乐迪","￥59","￥496","20244","否","是","是","/deal/23127880"
"309","
            西城区
        ","麦乐迪KTV","￥288","￥1321","755","否","是","是","/deal/24521011"
"310","
            西城区
        ","爆米花","￥29.9","￥380","8592","否","否","否","/deal/11407194"
"311","
            西城区
        ","金库ktv","￥68","￥108","2165","是","否","是","/deal/21613854"
"312","
            西城区
        ","金色风华KTV","￥59","￥398","441","否","否","是","/deal/22779157"
"313","
            西城区
        ","金库ktv","￥79","￥128","1471","否","否","是","/deal/23350625"
"314","
            西城区
        ","麦乐迪KTV","￥788","￥2799","139","否","是","是","/deal/24643378"
"315","
            西城区
        ","糖果录音棚","￥49.9","￥200","123","否","是","是","/deal/22974187"
"316","
            西城区
        ","地质礼堂ktv（西四店）","￥68","￥298","123","是","否","否","/deal/22198206"
"317","
            西城区
        ","同乐迪量贩KTV（陶然亭店）","￥50","￥698","407","否","否","是","/deal/23918503"
"318","
            西城区
        ","金色风华KTV","￥89","￥598","80","是","否","是","/deal/22779758"
"319","
            西城区
        ","同乐迪量贩KTV","￥238","￥660","119","否","是","否","/deal/20113200"
"320","
            西城区
        ","同乐迪量贩KTV","￥218","￥660","96","否","是","否","/deal/20112879"
"321","
            西城区
        ","同乐迪量贩KTV","￥218","￥660","118","否","是","否","/deal/20113037"
"322","
            西城区
        ","地质礼堂ktv","￥10","￥198","971","是","否","否","/deal/19443604"
"323","
            西城区
        ","同乐迪量贩KTV","￥198","￥660","132","否","是","否","/deal/20112433"
"324","
            西城区
        ","华尔顿酒店KTV","￥198","￥988","60","是","否","是","/deal/20335468"
"325","
            西城区
        ","紫m荟KTV","￥39.9","￥628","59","否","否","是","/deal/24789810"
"326","
            西城区
        ","护国寺KTV","￥59","￥259","114","否","否","是","/deal/25762115"
"327","
            西城区
        ","地质礼堂ktv（西四店）","￥88","￥498","45","是","否","否","/deal/22198377"
"328","
            西城区
        ","金色风华KTV","￥109","￥398","7","是","否","是","/deal/23458086"
"329","
            西城区
        ","金色风华KTV","￥169","￥888","6","是","否","是","/deal/23458194"
"330","
            西城区
        ","护国寺KTV","￥89","￥259","10","否","否","是","/deal/25762937"
"331","
            西城区
        ","地质礼堂ktv（西四店）","￥210","￥498","17","是","否","否","/deal/20103609"
"332","
            西城区
        ","金色风华KTV","￥139","￥598","8","是","否","是","/deal/23458145"
"333","
            西城区
        ","地质礼堂ktv（西四店）","￥390","￥798","5","是","否","否","/deal/20103902"
"334","
            西城区
        ","地质礼堂ktv（西四店）","￥78","￥398","11","是","否","否","/deal/22219004"
"335","
            西城区
        ","金色风华KTV","￥119","￥598","10","是","否","是","/deal/22779983"
"336","
            西城区
        ","万寿宫KTV","￥99","￥130","","是","否","是","/deal/24434710"
"337","
            西城区
        ","地质礼堂ktv（西四店）","￥290","￥698","5","是","否","否","/deal/20103794"
"338","
            西城区
        ","万寿宫KTV","￥300","￥888","","是","否","是","/deal/24434911"
"339","
            西城区
        ","地质礼堂ktv（西四店）","￥150","￥398","6","是","否","否","/deal/19477986"
"340","
            西城区
        ","华尔顿酒店KTV","￥398","￥1888","10","是","否","是","/deal/20335766"
"341","
            西城区
        ","地质礼堂ktv（西四店）","￥240","￥598","6","是","否","否","/deal/20103671"
"342","
            西城区
        ","地质礼堂ktv（西四店）","￥130","￥298","14","是","否","否","/deal/19477912"
"343","
            西城区
        ","护国寺KTV","￥159","￥459","12","否","否","是","/deal/25763188"
"344","
            西城区
        ","护国寺KTV","￥89","￥259","14","否","否","是","/deal/25762818"
"345","
            西城区
        ","地质礼堂ktv（西四店）","￥560","￥898","1","是","否","否","/deal/20104146"
"346","
            西城区
        ","护国寺KTV","￥109","￥259","2","否","否","是","/deal/25762873"
"347","
            西城区
        ","地质礼堂ktv（西四店）","￥180","￥498","5","是","否","否","/deal/19478038"
"348","
            西城区
        ","护国寺KTV","￥119","￥359","1","否","否","是","/deal/25763110"
"349","
            西城区
        ","KMy量贩式KTV","￥319","￥380","2","否","否","是","/deal/27467294"
"350","
            西城区
        ","KMy量贩式KTV","￥419","￥480","","否","否","是","/deal/27467374"
"351","
            西城区
        ","KMy量贩式KTV","￥599","￥880","","否","否","是","/deal/27467430"
"352","
            西城区
        ","乐量壹号量贩式KTV","￥35","￥700","112","否","否","是","/deal/27101979"
"353","
            西城区
        ","乐量壹号量贩式KTV","￥35","￥246","433","否","否","是","/deal/27180926"
"354","
            西城区
        ","KMy量贩式KTV","￥219","￥280","4","否","否","是","/deal/27466501"
"355","
            西城区
        ","KMy量贩式KTV","￥45","￥198","7","否","否","是","/deal/27465504"
"356","
            西城区
        ","莱森米KTV俱乐部（马连道店）","￥19.9","￥69","681","否","否","是","/deal/26064076"
"357","
            西城区
        ","莱森米KTV俱乐部（马连道店）","￥58","￥598","161","否","否","是","/deal/26372190"
"358","
            西城区
        ","乐量壹号量贩式KTV","￥88","￥700","","否","否","是","/deal/27103207"
"359","
            西城区
        ","乐量壹号量贩式KTV","￥39.9","￥700","326","否","否","是","/deal/27060616"
"360","
            西城区
        ","莱森米KTV俱乐部（马连道店）","￥45","￥558","333","否","否","是","/deal/26372235"
"361","
            西城区
        ","唱吧麦颂KTV","￥329","￥488","325","是","是","是","/deal/26694498"
"362","
            西城区
        ","唱吧麦颂KTV","￥399","￥588","356","是","是","是","/deal/26694692"
"363","
            西城区
        ","唱吧麦颂KTV","￥439","￥588","158","是","是","是","/deal/26694778"
"364","
            西城区
        ","唱吧麦颂KTV","￥539","￥688","134","是","是","是","/deal/26694909"
"365","
            西城区
        ","唱吧麦颂KTV","￥269","￥488","555","是","是","是","/deal/26694394"
"366","
            西城区
        ","唱吧麦颂KTV","￥45","￥560","25741","是","是","是","/deal/26602077"
"367","
            西城区
        ","唱吧麦颂KTV","￥229","￥388","374","是","是","是","/deal/26694190"
"368","
            东城区
        ","麦乐迪","￥59","￥496","20244","否","是","是","/deal/23127880"
"369","
            东城区
        ","友乐汇","￥32","￥443.5","3778","否","否","是","/deal/24514520"
"370","
            东城区
        ","第五俱乐部","￥118","￥1688","3354","是","否","否","/deal/21386365"
"371","
            东城区
        ","麦乐迪KTV","￥288","￥1321","755","否","是","是","/deal/24521011"
"372","
            东城区
        ","SevenLuck","￥36","￥80","5474","否","否","否","/deal/18916447"
"373","
            东城区
        ","第五俱乐部","￥8.9","￥168","6320","是","否","否","/deal/21386116"
"374","
            东城区
        ","天王星I期KTV","￥69","￥198","1701","否","否","是","/deal/19402048"
"375","
            东城区
        ","糖果KTV","￥40","￥770","22688","否","否","是","/deal/14068854"
"376","
            东城区
        ","乐圣","￥49","￥398","442","否","否","是","/deal/24606612"
"377","
            东城区
        ","布拉格KTV","￥15.8","￥188","3066","是","否","是","/deal/18382513"
"378","
            东城区
        ","丽都量贩式KTV","￥28","￥624","5530","否","否","是","/deal/6114951"
"379","
            东城区
        ","麦乐迪KTV","￥788","￥2799","139","否","是","是","/deal/24643378"
"380","
            东城区
        ","音皇乐友汇量贩式KTV","￥9.9","￥298","1367","是","否","是","/deal/22218122"
"381","
            东城区
        ","天王星II期KTV","￥69","￥298","457","否","否","是","/deal/19480831"
"382","
            东城区
        ","音皇乐友汇量贩式KTV","￥68","￥598","299","是","否","是","/deal/22084787"
"383","
            东城区
        ","麦乐迪KTV","￥28","￥186","287","否","是","否","/deal/24520604"
"384","
            东城区
        ","布拉格KTV","￥68","￥288","405","是","否","是","/deal/18523634"
"385","
            东城区
        ","SevenLuck","￥398","￥980","162","否","否","否","/deal/18511868"
"386","
            东城区
        ","SevenLuck","￥298","￥642","124","否","否","否","/deal/18511794"
"387","
            东城区
        ","音皇乐友汇量贩式KTV","￥86","￥120","24","是","否","是","/deal/24403492"
"388","
            东城区
        ","金磨坊KTV","￥198","￥880","23","是","否","是","/deal/20613967"
"389","
            东城区
        ","金磨坊KTV","￥9.9","￥108","40","是","否","是","/deal/25377759"
"390","
            东城区
        ","SevenLuck","￥698","￥1486","29","否","否","否","/deal/18607755"
"391","
            东城区
        ","布拉格KTV","￥298","￥1288","35","是","否","是","/deal/19617519"
"392","
            东城区
        ","乐芝声录音棚","￥298","￥800","13","是","否","是","/deal/22581856"
"393","
            东城区
        ","北京AHA录音棚","￥89","￥200","166","否","否","否","/deal/6292604"
"394","
            东城区
        ","SevenLuck","￥598","￥1358","52","否","否","否","/deal/18520181"
"395","
            东城区
        ","金磨坊KTV","￥88","￥580","1","是","否","是","/deal/25377808"
"396","
            东城区
        ","宝辰量贩式KTV","￥188","￥480","","是","否","是","/deal/23683670"
"397","
            东城区
        ","音皇乐友汇量贩式KTV","￥188","￥698","1","是","否","是","/deal/22873549"
"398","
            东城区
        ","乐芝声录音棚","￥100","￥400","4","是","否","是","/deal/22456940"
"399","
            东城区
        ","金磨坊KTV","￥398","￥1080","4","是","否","是","/deal/20613998"
"400","
            东城区
        ","音皇乐友汇量贩式KTV","￥298","￥898","3","是","否","是","/deal/22873708"
"401","
            东城区
        ","音皇乐友汇量贩式KTV","￥238","￥798","7","是","否","是","/deal/22873644"
"402","
            东城区
        ","乐芝声录音棚","￥400","￥800","9","是","否","是","/deal/22457870"
"403","
            东城区
        ","乐芝声录音棚","￥3000","￥6000","","是","否","是","/deal/22458083"
"404","
            东城区
        ","宝辰量贩式KTV","￥158","￥380","","是","否","是","/deal/23683021"
"405","
            东城区
        ","沐恩录音棚","￥400","￥1200","","否","否","是","/deal/26895547"
"406","
            东城区
        ","sevenluck柒乐ktv","￥19.9","￥128","12","是","否","是","/deal/27467922"
"407","
            东城区
        ","沐恩录音棚","￥99","￥600","4","否","否","是","/deal/26895205"
"408","
            东城区
        ","唱吧麦颂KTV","￥439","￥588","158","是","是","是","/deal/26694778"
"409","
            东城区
        ","唱吧麦颂KTV","￥539","￥688","134","是","是","是","/deal/26694909"
"410","
            东城区
        ","唱吧麦颂KTV","￥269","￥488","555","是","是","是","/deal/26694394"
"411","
            东城区
        ","唱吧麦颂KTV","￥45","￥560","25741","是","是","是","/deal/26602077"
"412","
            东城区
        ","唱吧麦颂KTV","￥229","￥388","374","是","是","是","/deal/26694190"
"413","
            东城区
        ","sevenluck柒乐ktv","￥19.9","￥128","12","是","否","是","/deal/27467922"
"414","
            东城区
        ","沐恩录音棚","￥99","￥600","4","否","否","是","/deal/26895205"
"415","
            东城区
        ","米乐星欢乐ktv","￥58","￥236","208","否","否","是","/deal/26993014"
"416","
            东城区
        ","沐恩录音棚","￥1500","￥6000","","否","否","是","/deal/26958962"
"417","
            东城区
        ","丽都量贩KTV","￥298","￥380","4","否","否","否","/deal/21744341"
"418","
            东城区
        ","丽都量贩KTV","￥468","￥580","","否","否","否","/deal/21745443"
"419","
            东城区
        ","丽都量贩KTV","￥398","￥480","2","否","否","否","/deal/21745125"
"420","
            丰台区
        ","麦哆KTV","￥29.9","￥209.3","10509","是","否","是","/deal/19303760"
"421","
            丰台区
        ","宝乐迪量贩式KTV","￥29","￥120","5306","是","否","是","/deal/23592777"
"422","
            丰台区
        ","乐唱量贩KTV娱乐广场","￥18.8","￥238","13965","否","否","是","/deal/9182215"
"423","
            丰台区
        ","乐唱量贩KTV娱乐广场","￥66","￥560","6215","否","否","是","/deal/9348179"
"424","
            丰台区
        ","城南夜语量贩式KTV","￥9.9","￥288","2649","否","否","否","/deal/14816465"
"425","
            丰台区
        ","世纪歌酷主题量贩KTV","￥66","￥795","763","否","否","是","/deal/23723502"
"426","
            丰台区
        ","天秤座主题量贩ktv","￥19.9","￥98","1562","否","否","是","/deal/24322685"
"427","
            丰台区
        ","宝乐迪量贩式KTV","￥198","￥758","595","是","否","是","/deal/22637061"
"428","
            丰台区
        ","五方量贩式主题ktv","￥18","￥108","2927","是","否","否","/deal/13707103"
"429","
            丰台区
        ","天贵氧吧量贩ktv","￥13.8","￥68","1542","是","否","是","/deal/23407190"
"430","
            丰台区
        ","天贵氧吧量贩ktv","￥48","￥168","664","是","否","是","/deal/23890670"
"431","
            丰台区
        ","宝乐迪量贩式KTV","￥158","￥758","356","是","否","是","/deal/21562206"
"432","
            丰台区
        ","天贵氧吧量贩ktv","￥7.8","￥68","574","是","否","是","/deal/23851111"
"433","
            丰台区
        ","红磨坊量贩式KTV","￥66","￥599","823","是","否","否","/deal/19578988"
"434","
            丰台区
        ","优酷量贩KTV","￥9.9","￥414","2765","是","否","是","/deal/14716628"
"435","
            丰台区
        ","世纪歌酷主题量贩KTV","￥19.8","￥114","299","否","否","否","/deal/23522439"
"436","
            丰台区
        ","城南夜语量贩式KTV","￥29.9","￥304","832","否","否","否","/deal/14579158"
"437","
            丰台区
        ","音皇乐友汇量贩式KTV","￥9.9","￥298","1367","是","否","是","/deal/22218122"
"438","
            丰台区
        ","柠檬汇主题量贩KTV","￥7","￥98","381","否","否","否","/deal/25220198"
"439","
            丰台区
        ","岁月如歌量贩式KTV","￥9.9","￥298","677","是","否","否","/deal/21194709"
"440","
            丰台区
        ","金蔓羽ktv","￥9.9","￥88","809","是","否","是","/deal/22068445"
"441","
            丰台区
        ","城南夜语量贩式KTV","￥69.9","￥388","258","否","否","否","/deal/14835677"
"442","
            丰台区
        ","岁月如歌量贩式KTV","￥98","￥598","89","是","否","是","/deal/23460865"
"443","
            丰台区
        ","天贵氧吧量贩ktv","￥128","￥268","123","是","否","是","/deal/23409028"
"444","
            丰台区
        ","音皇乐友汇量贩式KTV","￥68","￥598","299","是","否","是","/deal/22084787"
"445","
            丰台区
        ","天贵氧吧量贩ktv","￥27.8","￥88","200","是","否","是","/deal/23851136"
"446","
            丰台区
        ","红磨坊量贩式KTV","￥19.9","￥399","676","是","否","是","/deal/19577888"
"447","
            丰台区
        ","云水谣KTV","￥10","￥280","177","是","否","是","/deal/25112784"
"448","
            丰台区
        ","城南夜语量贩式KTV","￥49.9","￥603","234","否","否","否","/deal/14596147"
"449","
            丰台区
        ","优酷量贩KTV","￥49.9","￥678","958","是","否","是","/deal/14713712"
"450","
            丰台区
        ","云水谣KTV","￥58","￥680","78","是","否","是","/deal/22942533"
"451","
            丰台区
        ","金地名豪KTV","￥12.6","￥400","630","是","否","是","/deal/21285871"
"452","
            丰台区
        ","五方量贩式主题ktv","￥38","￥108","89","是","否","否","/deal/21763049"
"453","
            丰台区
        ","柠檬汇主题量贩KTV","￥158","￥268","21","否","否","否","/deal/24709022"
"454","
            丰台区
        ","金蔓羽ktv","￥198","￥388","64","是","否","是","/deal/22069401"
"455","
            丰台区
        ","我是歌手量贩式ktv","￥38","￥188","42","是","否","是","/deal/24365474"
"456","
            丰台区
        ","我是歌手量贩式ktv","￥12.8","￥88","149","是","否","是","/deal/24365358"
"457","
            丰台区
        ","五岳山KTV","￥28.8","￥389","80","是","否","是","/deal/24461973"
"458","
            丰台区
        ","海捞歌酷KTV","￥28","￥288","408","否","否","否","/deal/14421113"
"459","
            丰台区
        ","红磨坊量贩式KTV","￥298","￥1180","56","是","否","否","/deal/19579754"
"460","
            丰台区
        ","岁月如歌量贩式KTV","￥198","￥1098","25","是","否","是","/deal/21196590"
"461","
            丰台区
        ","音皇乐友汇量贩式KTV","￥86","￥120","24","是","否","是","/deal/24403492"
"462","
            丰台区
        ","水中花ktv","￥25","￥188","379","是","否","是","/deal/12210212"
"463","
            丰台区
        ","金磨坊KTV","￥198","￥880","23","是","否","是","/deal/20613967"
"464","
            丰台区
        ","金磨坊KTV","￥9.9","￥108","40","是","否","是","/deal/25377759"
"465","
            丰台区
        ","云水谣KTV","￥198","￥980","18","是","否","是","/deal/22942741"
"466","
            丰台区
        ","五岳山KTV","￥9.9","￥389","33","是","否","是","/deal/25186497"
"467","
            丰台区
        ","金蔓羽ktv","￥68","￥188","46","是","否","是","/deal/22068984"
"468","
            丰台区
        ","红磨坊量贩式KTV","￥398","￥1899","24","是","否","否","/deal/19580342"
"469","
            丰台区
        ","摩卡量贩式KTV","￥68","￥598","134","是","否","是","/deal/18977887"
"470","
            丰台区
        ","五号公馆量贩KTV","￥68","￥298","","否","否","是","/deal/24640120"
"471","
            丰台区
        ","岁月如歌量贩式KTV","￥398","￥1998","10","是","否","是","/deal/21196994"
"472","
            丰台区
        ","万寿宫KTV","￥99","￥130","","是","否","是","/deal/24434710"
"473","
            丰台区
        ","金蔓羽ktv","￥398","￥688","8","是","否","是","/deal/22069778"
"474","
            丰台区
        ","云水谣KTV","￥298","￥1098","6","是","否","是","/deal/22943527"
"475","
            丰台区
        ","金磨坊KTV","￥88","￥580","1","是","否","是","/deal/25377808"
"476","
            丰台区
        ","水中花ktv","￥239","￥439","8","否","否","是","/deal/12346790"
"477","
            丰台区
        ","胜泽都俱乐部","￥80","￥400","13","否","否","是","/deal/14186109"
"478","
            丰台区
        ","万寿宫KTV","￥300","￥888","","是","否","是","/deal/24434911"
"479","
            丰台区
        ","摩卡量贩式KTV","￥268","￥539","7","是","否","是","/deal/22042651"
"480","
            丰台区
        ","天天渔港量贩式KTV","￥398","￥1988","","是","否","是","/deal/21053610"
"481","
            丰台区
        ","五号公馆量贩KTV","￥188","￥458","","否","否","是","/deal/24680238"
"482","
            丰台区
        ","音皇乐友汇量贩式KTV","￥188","￥698","1","是","否","是","/deal/22873549"
"483","
            丰台区
        ","五号公馆量贩KTV","￥118","￥398","","否","否","是","/deal/24680081"
"484","
            丰台区
        ","五号公馆量贩KTV","￥88","￥298","","否","否","是","/deal/24661338"
"485","
            丰台区
        ","五号公馆量贩KTV","￥128","￥398","","否","否","是","/deal/24661413"
"486","
            丰台区
        ","金磨坊KTV","￥398","￥1080","4","是","否","是","/deal/20613998"
"487","
            丰台区
        ","音皇乐友汇量贩式KTV","￥298","￥898","3","是","否","是","/deal/22873708"
"488","
            丰台区
        ","音皇乐友汇量贩式KTV","￥238","￥798","7","是","否","是","/deal/22873644"
"489","
            丰台区
        ","摩卡量贩式KTV","￥268","￥539","21","是","否","是","/deal/19544272"
"490","
            丰台区
        ","摩卡量贩式KTV","￥368","￥656","2","是","否","是","/deal/19544637"
"491","
            丰台区
        ","云水谣KTV","￥398","￥1198","2","是","否","是","/deal/22943558"
"492","
            丰台区
        ","水中花ktv","￥288","￥488","6","否","否","是","/deal/12347127"
"493","
            丰台区
        ","水中花","￥352","￥552","2","否","否","是","/deal/12347144"
"494","
            丰台区
        ","水中花ktv","￥346","￥546","3","否","否","是","/deal/12347099"
"495","
            丰台区
        ","水中花ktv","￥294","￥494","","否","否","是","/deal/12347191"
"496","
            丰台区
        ","水中花ktv","￥316","￥516","3","否","否","是","/deal/12346916"
"497","
            丰台区
        ","水中花","￥337","￥537","","否","否","是","/deal/12346940"
"498","
            丰台区
        ","都唛全国连锁量贩ktv","￥289","￥488","28","是","否","是","/deal/26268814"
"499","
            丰台区
        ","都唛全国连锁量贩ktv","￥398","￥598","6","是","否","是","/deal/26268976"
"500","
            丰台区
        ","五色辉煌ktv","￥488","￥1688","1","是","否","是","/deal/26007786"
"501","
            丰台区
        ","五色辉煌ktv","￥18.8","￥398","294","是","否","是","/deal/26052519"
"502","
            丰台区
        ","唱吧麦颂KTV","￥529","￥788","105","是","是","是","/deal/26693641"
"503","
            丰台区
        ","唱吧麦颂KTV","￥429","￥688","98","是","是","是","/deal/26694095"
"504","
            丰台区
        ","唱吧麦颂KTV","￥319","￥488","243","是","是","是","/deal/26693288"
"505","
            丰台区
        ","宝山KTV","￥68","￥598","5","是","否","是","/deal/26514877"
"506","
            丰台区
        ","都唛全国连锁量贩ktv","￥289","￥488","28","是","否","是","/deal/26268814"
"507","
            丰台区
        ","都唛全国连锁量贩ktv","￥398","￥598","6","是","否","是","/deal/26268976"
"508","
            丰台区
        ","都唛全国连锁量贩ktv","￥269","￥388","15","是","否","是","/deal/26268688"
"509","
            丰台区
        ","祥龙湾KTV","￥9.9","￥198","56","是","否","否","/deal/26398634"
"510","
            丰台区
        ","宝山KTV","￥198","￥698","5","是","否","是","/deal/25997997"
"511","
            丰台区
        ","唱吧麦颂KTV","￥199","￥360","130","是","是","是","/deal/26690322"
"512","
            丰台区
        ","唱吧麦颂KTV","￥289","￥460","79","是","是","是","/deal/26691299"
"513","
            丰台区
        ","唱吧麦颂KTV","￥419","￥660","17","是","是","是","/deal/26692611"
"514","
            丰台区
        ","唱吧麦颂KTV","￥239","￥460","76","是","是","是","/deal/26690903"
"515","
            丰台区
        ","唱吧麦颂KTV","￥519","￥760","12","是","是","是","/deal/26692455"
"516","
            丰台区
        ","唱吧麦颂KTV","￥35","￥360","7663","是","是","是","/deal/26591632"
"517","
            丰台区
        ","唱吧麦颂KTV","￥329","￥560","72","是","是","是","/deal/26691389"
"518","
            丰台区
        ","唐时圣宴KTV","￥99","￥199","","是","否","是","/deal/27235532"
"519","
            丰台区
        ","我是歌手量贩式ktv","￥198","￥388","2","是","否","是","/deal/26231023"
"520","
            丰台区
        ","五色辉煌ktv","￥86","￥888","36","是","否","是","/deal/25999815"
"521","
            丰台区
        ","五色辉煌ktv","￥288","￥1188","9","是","否","是","/deal/26007453"
"522","
            丰台区
        ","唱吧麦颂KTV","￥229","￥388","306","是","是","是","/deal/26692858"
"523","
            丰台区
        ","唱吧麦颂KTV","￥269","￥488","536","是","是","是","/deal/26693222"
"524","
            丰台区
        ","唱吧麦颂KTV","￥329","￥488","325","是","是","是","/deal/26694498"
"525","
            丰台区
        ","唱吧麦颂KTV","￥399","￥588","356","是","是","是","/deal/26694692"
"526","
            丰台区
        ","唱吧麦颂KTV","￥439","￥588","158","是","是","是","/deal/26694778"
"527","
            丰台区
        ","唱吧麦颂KTV","￥539","￥688","134","是","是","是","/deal/26694909"
"528","
            丰台区
        ","唱吧麦颂KTV","￥269","￥488","555","是","是","是","/deal/26694394"
"529","
            丰台区
        ","唱吧麦颂KTV","￥359","￥588","399","是","是","是","/deal/26693472"
"530","
            丰台区
        ","唱吧麦颂KTV","￥45","￥560","25741","是","是","是","/deal/26602077"
"531","
            丰台区
        ","唱吧麦颂KTV","￥229","￥388","374","是","是","是","/deal/26694190"
"532","
            丰台区
        ","唱吧麦颂KTV","￥45","￥560","32214","是","是","是","/deal/26601913"
"533","
            丰台区
        ","五方量贩式主题ktv","￥18","￥68","","是","否","是","/deal/27983793"
"534","
            丰台区
        ","我是歌手量贩式ktv","￥298","￥488","3","是","否","是","/deal/26231113"
"535","
            丰台区
        ","我是歌手量贩式ktv","￥398","￥588","3","是","否","是","/deal/26231216"
"536","
            丰台区
        ","唐时圣宴KTV","￥38.8","￥254","969","是","否","是","/deal/26662509"
"537","
            丰台区
        ","岁月如歌量贩式KTV","￥20","￥298","26","是","否","是","/deal/26864017"
"538","
            通州区
        ","宝乐迪量贩KTV","￥36","￥360","673","否","否","是","/deal/23923372"
"539","
            通州区
        ","t-nine时尚主题KTV","￥58","￥88","186","是","否","是","/deal/24349059"
"540","
            通州区
        ","天颐源KTV","￥29.9","￥60","421","是","否","是","/deal/21765000"
"541","
            通州区
        ","金帝辉煌KTV","￥49","￥688","640","是","否","否","/deal/21765633"
"542","
            通州区
        ","宝乐迪量贩KTV","￥188","￥298","159","否","否","否","/deal/19641305"
"543","
            通州区
        ","金色KTV","￥38","￥152","398","是","否","是","/deal/8712090"
"544","
            通州区
        ","首席KTV（通州店）","￥288","￥472","81","否","否","是","/deal/21566592"
"545","
            通州区
        ","t-nine时尚主题KTV","￥98","￥188","47","是","否","是","/deal/24349115"
"546","
            通州区
        ","高山红量贩式纯K","￥56","￥232","34","是","否","是","/deal/24598350"
"547","
            通州区
        ","金帝辉煌KTV","￥29","￥298","281","是","否","否","/deal/21709539"
"548","
            通州区
        ","t-nine时尚主题KTV","￥158","￥288","33","是","否","是","/deal/24348853"
"549","
            通州区
        ","天宫音乐量贩KTV","￥10","￥360","204","是","否","是","/deal/23204228"
"550","
            通州区
        ","首席KTV","￥88","￥206","15","否","否","是","/deal/20155963"
"551","
            通州区
        ","天宫音乐量贩KTV","￥198","￥660","45","是","否","是","/deal/23204842"
"552","
            通州区
        ","天赐情缘KTV","￥198","￥568","14","是","否","是","/deal/23100141"
"553","
            通州区
        ","沃玛传说KTV","￥50","￥88","8","是","否","是","/deal/23620980"
"554","
            通州区
        ","天宫音乐量贩KTV","￥68","￥560","27","是","否","是","/deal/23204656"
"555","
            通州区
        ","宝乐迪量贩KTV","￥368","￥478","45","否","否","否","/deal/19641428"
"556","
            通州区
        ","金色KTV","￥58","￥232","129","是","否","是","/deal/9248661"
"557","
            通州区
        ","金帝辉煌KTV","￥29","￥298","101","是","否","否","/deal/21765582"
"558","
            通州区
        ","宝乐迪量贩KTV","￥258","￥368","52","否","否","否","/deal/19641404"
"559","
            通州区
        ","首席KTV（通州店）","￥208","￥336","19","否","否","是","/deal/21566270"
"560","
            通州区
        ","t-nine时尚主题KTV","￥198","￥288","9","是","否","是","/deal/24349184"
"561","
            通州区
        ","高山红量贩式纯K","￥228","￥658","7","是","否","是","/deal/24599223"
"562","
            通州区
        ","金帝辉煌KTV","￥49","￥688","87","是","否","否","/deal/21765709"
"563","
            通州区
        ","天颐源KTV","￥59.9","￥100","30","否","否","是","/deal/21765009"
"564","
            通州区
        ","天赐情缘KTV","￥168","￥468","4","是","否","是","/deal/25745914"
"565","
            通州区
        ","首席KTV（通州店）","￥388","￥680","18","否","否","是","/deal/21566675"
"566","
            通州区
        ","t-nine时尚主题KTV","￥200","￥388","5","是","否","是","/deal/24348988"
"567","
            通州区
        ","首席KTV","￥128","￥316","20","否","否","是","/deal/20156528"
"568","
            通州区
        ","天赐情缘KTV","￥288","￥899","6","是","否","是","/deal/23104355"
"569","
            通州区
        ","首席KTV（通州店）","￥138","￥285","6","否","否","是","/deal/21571431"
"570","
            通州区
        ","首席KTV","￥158","￥416","14","否","否","是","/deal/20156637"
"571","
            通州区
        ","首席KTV（通州店）","￥188","￥345","6","否","否","是","/deal/21567485"
"572","
            通州区
        ","金色KTV","￥88","￥352","22","是","否","是","/deal/9248703"
"573","
            通州区
        ","宝乐迪量贩KTV","￥428","￥518","20","否","否","否","/deal/19641465"
"574","
            通州区
        ","首席KTV（通州店）","￥888","￥1475","4","否","否","是","/deal/21566871"
"575","
            通州区
        ","首席KTV（通州店）","￥238","￥560","4","否","否","是","/deal/21567235"
"576","
            通州区
        ","金色KTV","￥108","￥432","16","是","否","是","/deal/9248765"
"577","
            通州区
        ","宝乐迪量贩KTV","￥768","￥1048","3","否","否","否","/deal/19641648"
"578","
            通州区
        ","天颐源KTV","￥280","￥710","31","否","否","是","/deal/14786433"
"579","
            通州区
        ","宝乐迪量贩KTV","￥638","￥838","1","否","否","否","/deal/19641588"
"580","
            通州区
        ","天宫音乐量贩KTV","￥298","￥760","4","是","否","是","/deal/23204955"
"581","
            通州区
        ","鑫达里日月星乐缘KTV","￥50","￥88","2","是","否","是","/deal/25380840"
"582","
            通州区
        ","天宫音乐量贩KTV","￥398","￥860","2","是","否","是","/deal/23223279"
"583","
            通州区
        ","首席KTV（通州店）","￥588","￥945","1","否","否","是","/deal/21567095"
"584","
            通州区
        ","首席KTV","￥298","￥726","1","否","否","是","/deal/20156720"
"585","
            通州区
        ","天颐源KTV","￥480","￥1060","11","否","否","是","/deal/19545236"
"586","
            通州区
        ","天宫音乐量贩KTV","￥1298","￥1598","","是","否","是","/deal/26725859"
"587","
            通州区
        ","天宫音乐量贩KTV","￥898","￥1098","","是","否","是","/deal/26725818"
"588","
            通州区
        ","唱吧麦颂KTV","￥229","￥388","306","是","是","是","/deal/26692858"
"589","
            通州区
        ","唱吧麦颂KTV","￥269","￥488","536","是","是","是","/deal/26693222"
"590","
            通州区
        ","唱吧麦颂KTV","￥359","￥588","399","是","是","是","/deal/26693472"
"591","
            通州区
        ","唱吧麦颂KTV","￥45","￥560","32214","是","是","是","/deal/26601913"
"592","
            通州区
        ","天宫音乐量贩KTV","￥598","￥798","","是","否","是","/deal/26725733"
"593","
            通州区
        ","天宫音乐量贩KTV","￥398","￥598","","是","否","是","/deal/26725458"
"594","
            通州区
        ","七品量贩KTV","￥28","￥598","225","否","否","是","/deal/27020221"
"595","
            通州区
        ","唱吧麦颂KTV","￥529","￥788","105","是","是","是","/deal/26693641"
"596","
            通州区
        ","唱吧麦颂KTV","￥429","￥688","98","是","是","是","/deal/26694095"
"597","
            通州区
        ","唱吧麦颂KTV","￥319","￥488","243","是","是","是","/deal/26693288"
"598","
            昌平区
        ","千子桐KTV","￥9.9","￥218","7325","是","否","否","/deal/22788779"
"599","
            昌平区
        ","开心果KTV","￥10","￥21","2534","是","否","是","/deal/23754910"
"600","
            昌平区
        ","爱奇艺秘宅","￥29.9","￥60","1042","是","否","是","/deal/24724918"
"601","
            昌平区
        ","龙城金晔四纪ktv","￥19.9","￥128","2336","是","否","是","/deal/14624029"
"602","
            昌平区
        ","歌友汇量贩KTV（昌平店）","￥59","￥468","2440","否","否","否","/deal/8568526"
"603","
            昌平区
        ","奥雅主题式量贩KTV","￥58","￥299","1058","否","否","是","/deal/17639490"
"604","
            昌平区
        ","5号量贩式KTV（天通苑店）","￥19.9","￥367.5","1631","否","否","否","/deal/22810851"
"605","
            昌平区
        ","同乐迪量贩式KTV（昌平店）","￥21.9","￥69.9","1520","否","否","否","/deal/13929089"
"606","
            昌平区
        ","天赐情缘KTV","￥60","￥188","477","是","否","是","/deal/20539719"
"607","
            昌平区
        ","千子桐KTV","￥136","￥785","197","是","否","否","/deal/22803407"
"608","
            昌平区
        ","天秤座量贩式KTV旗靓店","￥9.9","￥188","1317","是","否","否","/deal/21444545"
"609","
            昌平区
        ","天赐情缘KTV","￥9.9","￥88","1086","是","否","是","/deal/20538842"
"610","
            昌平区
        ","鑫海林ktv","￥6.6","￥132","461","是","否","是","/deal/14361271"
"611","
            昌平区
        ","开心果KTV","￥168","￥369","62","是","否","否","/deal/22475185"
"612","
            昌平区
        ","影爱唱K","￥119","￥276","55","否","否","是","/deal/23718199"
"613","
            昌平区
        ","同乐迪量贩式KTV（昌平店）","￥9.9","￥89.9","377","否","否","是","/deal/25481086"
"614","
            昌平区
        ","唱响人生ktv","￥9.9","￥188","185","是","否","是","/deal/24078448"
"615","
            昌平区
        ","天秤座量贩式KTV旗靓店","￥258","￥488","39","是","否","否","/deal/21444233"
"616","
            昌平区
        ","影爱唱K","￥199","￥446","29","否","否","否","/deal/23718289"
"617","
            昌平区
        ","烨凤凰KTV","￥9.9","￥198","212","否","否","是","/deal/23948721"
"618","
            昌平区
        ","影爱唱K","￥119","￥399","19","否","否","否","/deal/23718481"
"619","
            昌平区
        ","影爱唱K","￥89","￥303","42","否","否","否","/deal/23718102"
"620","
            昌平区
        ","鑫海林ktv","￥138","￥329","103","是","否","否","/deal/17295553"
"621","
            昌平区
        ","夜尚倾城ktv","￥9.9","￥188","212","是","否","是","/deal/22420469"
"622","
            昌平区
        ","盛世豪歌KTV","￥268","￥497","37","是","否","否","/deal/20594908"
"623","
            昌平区
        ","影爱唱K","￥269","￥546","16","否","否","是","/deal/23718432"
"624","
            昌平区
        ","同乐迪量贩式KTV（昌平店）","￥33","￥89.9","200","否","否","否","/deal/17639477"
"625","
            昌平区
        ","春花秋月ktv","￥168","￥368","19","否","否","是","/deal/24636555"
"626","
            昌平区
        ","利平KTV","￥158","￥298","18","是","否","是","/deal/22218897"
"627","
            昌平区
        ","西元ktv","￥58","￥158","2","否","否","是","/deal/24706001"
"628","
            昌平区
        ","影爱唱K","￥169","￥453","7","否","否","是","/deal/23718758"
"629","
            昌平区
        ","开心果KTV","￥228","￥399","12","是","否","否","/deal/22475378"
"630","
            昌平区
        ","影爱唱K","￥259","￥642","9","否","否","否","/deal/23718563"
"631","
            昌平区
        ","夜尚倾城ktv","￥40","￥388","39","是","否","是","/deal/22440892"
"632","
            昌平区
        ","天秤座量贩式KTV旗靓店","￥358","￥588","21","是","否","否","/deal/21444446"
"633","
            昌平区
        ","影爱唱K","￥189","￥396","5","否","否","是","/deal/23718228"
"634","
            昌平区
        ","影爱唱K","￥159","￥423","1","否","否","否","/deal/23718127"
"635","
            昌平区
        ","春花秋月ktv","￥358","￥850","10","否","否","是","/deal/24636589"
"636","
            昌平区
        ","影爱唱K","￥299","￥715","5","否","否","是","/deal/23718854"
"637","
            昌平区
        ","春花秋月ktv","￥308","￥598","6","否","否","是","/deal/24636588"
"638","
            昌平区
        ","盛世豪歌KTV","￥88","￥108","4","是","否","是","/deal/23647696"
"639","
            昌平区
        ","天秤座量贩式KTV旗靓店","￥178","￥488","7","是","否","否","/deal/21444887"
"640","
            昌平区
        ","盛世豪歌KTV","￥108","￥168","1","是","否","是","/deal/23647864"
"641","
            昌平区
        ","烨凤凰KTV","￥398","￥1688","9","是","否","是","/deal/20113145"
"642","
            昌平区
        ","广宇量贩式KTV","￥9.9","￥688","5","否","否","否","/deal/22379639"
"643","
            昌平区
        ","影爱唱K","￥369","￥678","1","否","否","是","/deal/23718454"
"644","
            昌平区
        ","影爱唱K","￥299","￥578","1","否","否","否","/deal/23718331"
"645","
            昌平区
        ","利平KTV","￥288","￥398","6","是","否","是","/deal/22218947"
"646","
            昌平区
        ","春花秋月ktv","￥528","￥1280","2","否","否","是","/deal/24636590"
"647","
            昌平区
        ","春花秋月ktv・","￥85","￥385","","是","否","是","/deal/24636535"
"648","
            昌平区
        ","烨凤凰KTV","￥39.9","￥198","8","是","否","是","/deal/25573281"
"649","
            昌平区
        ","盛世豪歌KTV","￥368","￥598","7","是","否","否","/deal/20604883"
"650","
            昌平区
        ","利平KTV","￥488","￥698","","是","否","是","/deal/22218982"
"651","
            昌平区
        ","盛世豪歌KTV","￥568","￥1120","1","是","否","否","/deal/20594851"
"652","
            昌平区
        ","开心果KTV","￥9.9","￥21","8223","是","否","否","/deal/14842577"
"653","
            昌平区
        ","58量贩KTV","￥408","￥508","","是","否","是","/deal/26434551"
"654","
            昌平区
        ","58量贩KTV","￥198","￥258","","是","否","是","/deal/26434410"
"655","
            昌平区
        ","58量贩KTV","￥158","￥258","","是","否","是","/deal/26434196"
"656","
            昌平区
        ","天秤座主题量贩KTV","￥68.8","￥198","64","否","否","否","/deal/26187386"
"657","
            昌平区
        ","唱吧麦颂KTV","￥199","￥360","130","是","是","是","/deal/26690322"
"658","
            昌平区
        ","唱吧麦颂KTV","￥289","￥460","79","是","是","是","/deal/26691299"
"659","
            昌平区
        ","唱吧麦颂KTV","￥419","￥660","17","是","是","是","/deal/26692611"
"660","
            昌平区
        ","唱吧麦颂KTV","￥239","￥460","76","是","是","是","/deal/26690903"
"661","
            昌平区
        ","唱吧麦颂KTV","￥519","￥760","12","是","是","是","/deal/26692455"
"662","
            昌平区
        ","唱吧麦颂KTV","￥35","￥360","7663","是","是","是","/deal/26591632"
"663","
            昌平区
        ","唱吧麦颂KTV","￥329","￥560","72","是","是","是","/deal/26691389"
"664","
            昌平区
        ","58量贩KTV","￥458","￥508","","是","否","是","/deal/26436253"
"665","
            昌平区
        ","天秤座主题量贩KTV","￥138.8","￥298","47","否","否","否","/deal/26187707"
"666","
            昌平区
        ","天秤座主题量贩KTV","￥228","￥358","","否","否","否","/deal/26188302"
"667","
            昌平区
        ","影爱唱K","￥199","￥398","","否","否","否","/deal/27893686"
"668","
            昌平区
        ","影爱唱K","￥269","￥459","","否","否","是","/deal/27893786"
"669","
            昌平区
        ","影爱唱K","￥199","￥439","","否","否","是","/deal/27893600"
"670","
            昌平区
        ","影爱唱K","￥159","￥369","","否","否","是","/deal/27893503"
"671","
            昌平区
        ","影爱唱K","￥119","￥299","","否","否","否","/deal/27893056"
"672","
            昌平区
        ","影爱唱K","￥169","￥389","","否","否","是","/deal/27893439"
"673","
            大兴区
        ","INLOVE爱上银乐迪","￥20","￥88","5064","是","否","是","/deal/25651217"
"674","
            大兴区
        ","舒漫迪KTV","￥28","￥500","2025","是","否","是","/deal/14730027"
"675","
            大兴区
        ","尚k量贩ktv（亦庄店）","￥188","￥470","450","是","否","否","/deal/20575147"
"676","
            大兴区
        ","心源量贩式KTV","￥9.9","￥38","1413","是","否","是","/deal/23724150"
"677","
            大兴区
        ","开心果KTV","￥12","￥165","4007","是","否","是","/deal/19259186"
"678","
            大兴区
        ","友乐汇（绿地缤纷城店）","￥25","￥158","1636","是","否","否","/deal/22625808"
"679","
            大兴区
        ","尚K量贩KTV（亦庄店）","￥12","￥79.33","2754","是","否","否","/deal/20551820"
"680","
            大兴区
        ","友乐汇（火神庙店）","￥25","￥88","1116","是","否","否","/deal/24228064"
"681","
            大兴区
        ","乐巢量贩式KTV","￥9.9","￥115","2233","否","否","是","/deal/13015242"
"682","
            大兴区
        ","今日乐美ktv","￥60","￥198","224","是","否","是","/deal/21424361"
"683","
            大兴区
        ","尚K量贩KTV（亦庄店）","￥158","￥398","180","是","否","否","/deal/20575258"
"684","
            大兴区
        ","开心果KTV","￥168","￥366","662","是","否","是","/deal/11774394"
"685","
            大兴区
        ","夜之宴量贩式KTV","￥188","￥468","48","是","否","是","/deal/24519663"
"686","
            大兴区
        ","星光大道量贩式KTV（亦庄店）","￥98","￥298","47","是","否","否","/deal/25336282"
"687","
            大兴区
        ","尚K量贩KTV（亦庄店）","￥228","￥566","83","是","否","否","/deal/20552001"
"688","
            大兴区
        ","夜之宴量贩式KTV","￥158","￥368","36","是","否","是","/deal/24519538"
"689","
            大兴区
        ","星光大道量贩式KTV（亦庄店）","￥198","￥496","52","是","否","否","/deal/25342471"
"690","
            大兴区
        ","今日乐美ktv","￥80","￥298","89","是","否","是","/deal/21424679"
"691","
            大兴区
        ","心源量贩式KTV","￥9.9","￥38","352","是","否","是","/deal/23855459"
"692","
            大兴区
        ","开心果KTV","￥198","￥426","323","是","否","是","/deal/13236909"
"693","
            大兴区
        ","星光大道量贩式KTV（亦庄店）","￥258","￥658","22","是","否","否","/deal/25342409"
"694","
            大兴区
        ","今日乐美ktv","￥100","￥458","46","是","否","是","/deal/21424771"
"695","
            大兴区
        ","金音谷量贩KTV（芳源里店）","￥128","￥328","9","是","否","否","/deal/23119380"
"696","
            大兴区
        ","夜之宴量贩式KTV","￥238","￥568","9","是","否","是","/deal/24519897"
"697","
            大兴区
        ","奥宇KTV","￥118","￥258","14","否","否","是","/deal/24831634"
"698","
            大兴区
        ","豪情盛筵","￥9.9","￥88","28","是","否","是","/deal/23864990"
"699","
            大兴区
        ","心源量贩式KTV","￥9.9","￥38","66","是","否","是","/deal/23855363"
"700","
            大兴区
        ","星光大道量贩式KTV（亦庄店）","￥158","￥398","9","是","否","否","/deal/25342255"
"701","
            大兴区
        ","梦溪湖量贩式KTV","￥128","￥200","8","是","否","是","/deal/20534657"
"702","
            大兴区
        ","金音谷量贩KTV（芳源里店）","￥168","￥398","6","是","否","否","/deal/23119413"
"703","
            大兴区
        ","富贵城KTV","￥258","￥500","11","是","否","是","/deal/19881361"
"704","
            大兴区
        ","奥兴KTV","￥188","￥358","5","是","否","是","/deal/24839599"
"705","
            大兴区
        ","奥兴KTV","￥268","￥528","3","是","否","是","/deal/24839788"
"706","
            大兴区
        ","乐家量贩式KTV","￥25","￥495","24","否","否","否","/deal/25913127"
"707","
            大兴区
        ","梦溪湖量贩式KTV","￥880","￥1000","","是","否","否","/deal/24727338"
"708","
            大兴区
        ","梦溪湖量贩式KTV","￥260","￥300","","是","否","是","/deal/24726268"
"709","
            大兴区
        ","梦溪湖量贩式KTV","￥188","￥300","2","是","否","是","/deal/14770795"
"710","
            大兴区
        ","梦溪湖量贩式KTV","￥498","￥600","8","是","否","是","/deal/14673618"
"711","
            大兴区
        ","梦溪湖量贩式KTV","￥360","￥400","","是","否","是","/deal/24726675"
"712","
            大兴区
        ","梦溪湖量贩式KTV","￥498","￥600","","是","否","是","/deal/24720530"
"713","
            大兴区
        ","梦溪湖量贩式KTV","￥680","￥800","","是","否","是","/deal/24726928"
"714","
            大兴区
        ","梦溪湖量贩式KTV","￥348","￥500","1","是","否","是","/deal/14674639"
"715","
            大兴区
        ","乐巢量贩式KTV","￥129","￥288","2","否","否","是","/deal/26687218"
"716","
            大兴区
        ","龙凤巢主题量贩KTV（大兴黄村店）","￥359","￥418","1","是","否","否","/deal/26308797"
"717","
            大兴区
        ","乐巢量贩式KTV","￥129","￥308","1","否","否","否","/deal/26702340"
"718","
            大兴区
        ","龙凤巢主题量贩KTV（大兴黄村店）","￥319","￥358","2","是","否","否","/deal/26308738"
"719","
            大兴区
        ","龙凤巢主题量贩KTV（大兴黄村店）","￥539","￥598","","是","否","否","/deal/26308883"
"720","
            大兴区
        ","金岛巨龙量贩KTV","￥38","￥150","2","是","否","是","/deal/26513983"
"721","
            大兴区
        ","JYclub狼人杀俱乐部","￥980","￥3442","","否","否","是","/deal/26608318"
"722","
            大兴区
        ","乐巢量贩式KTV","￥159","￥388","1","否","否","否","/deal/26687395"
"723","
            大兴区
        ","JYclub狼人杀俱乐部","￥1880","￥5286","","否","否","是","/deal/26607878"
"724","
            大兴区
        ","INLOVE爱上银乐迪","￥198","￥388","3","是","否","否","/deal/27893639"
"725","
            大兴区
        ","JYclub狼人杀俱乐部","￥299","￥1412","","否","否","否","/deal/26608147"
"726","
            大兴区
        ","龙凤巢主题量贩KTV（大兴黄村店）","￥259","￥298","6","是","否","否","/deal/26308610"
"727","
            大兴区
        ","金岛巨龙量贩KTV","￥58","￥150","4","是","否","是","/deal/26514017"
"728","
            大兴区
        ","唱吧麦颂KTV","￥229","￥388","306","是","是","是","/deal/26692858"
"729","
            大兴区
        ","唱吧麦颂KTV","￥269","￥488","536","是","是","是","/deal/26693222"
"730","
            大兴区
        ","唱吧麦颂KTV","￥329","￥488","325","是","是","是","/deal/26694498"
"731","
            大兴区
        ","唱吧麦颂KTV","￥399","￥588","356","是","是","是","/deal/26694692"
"732","
            大兴区
        ","唱吧麦颂KTV","￥439","￥588","158","是","是","是","/deal/26694778"
"733","
            大兴区
        ","唱吧麦颂KTV","￥539","￥688","134","是","是","是","/deal/26694909"
"734","
            大兴区
        ","唱吧麦颂KTV","￥269","￥488","555","是","是","是","/deal/26694394"
"735","
            大兴区
        ","唱吧麦颂KTV","￥45","￥560","25741","是","是","是","/deal/26602077"
"736","
            大兴区
        ","唱吧麦颂KTV","￥229","￥388","374","是","是","是","/deal/26694190"
"737","
            大兴区
        ","唱吧麦颂KTV","￥45","￥560","32214","是","是","是","/deal/26601913"
"738","
            大兴区
        ","乐巢量贩式KTV","￥109","￥238","","否","否","否","/deal/26702309"
"739","
            大兴区
        ","金岛巨龙量贩KTV","￥38","￥150","8","是","否","是","/deal/25969125"
"740","
            大兴区
        ","乐家量贩式KTV","￥98","￥828","72","否","否","是","/deal/25946250"
"741","
            石景山区
        ","纯k音乐氧吧量贩KTV（石景山店）","￥20","￥30","6229","是","否","是","/deal/24801510"
"742","
            石景山区
        ","金唱纳量贩式ktv","￥40","￥88","260","是","否","是","/deal/24072693"
"743","
            石景山区
        ","鑫港辉凰音乐KTV","￥30","￥158","383","否","否","是","/deal/22798822"
"744","
            石景山区
        ","金唱纳量贩式ktv","￥238","￥520","78","是","否","是","/deal/20401712"
"745","
            石景山区
        ","大江南KTV","￥16","￥516","361","是","否","是","/deal/15127108"
"746","
            石景山区
        ","乐活量贩音乐街区KTV","￥268","￥588","73","否","否","是","/deal/17617262"
"747","
            石景山区
        ","金唱纳量贩式ktv","￥358","￥660","38","是","否","是","/deal/20402071"
"748","
            石景山区
        ","乐活量贩音乐街区KTV","￥248","￥388","85","否","否","是","/deal/17617165"
"749","
            石景山区
        ","金唱纳量贩式ktv","￥298","￥560","38","是","否","是","/deal/20401997"
"750","
            石景山区
        ","爱尚主题量贩KTV","￥198","￥398","28","是","否","否","/deal/20973552"
"751","
            石景山区
        ","无限时光ktv","￥58","￥80","9","是","否","是","/deal/22580482"
"752","
            石景山区
        ","花丽都ktv","￥60","￥298","20","是","否","是","/deal/20554995"
"753","
            石景山区
        ","豪门KTV","￥188","￥460","4","是","否","是","/deal/23770850"
"754","
            石景山区
        ","豪门KTV","￥138","￥360","4","是","否","是","/deal/23770639"
"755","
            石景山区
        ","豪门KTV","￥18.8","￥108","17","是","否","是","/deal/23770348"
"756","
            石景山区
        ","鑫港辉煌音乐KTV","￥108","￥188","5","否","否","是","/deal/22301836"
"757","
            石景山区
        ","无限时光ktv","￥88","￥100","2","是","否","是","/deal/22580789"
"758","
            石景山区
        ","金唱纳量贩式ktv","￥688","￥1060","1","否","否","是","/deal/23458195"
"759","
            石景山区
        ","鑫港辉凰音乐KTV","￥138","￥348","6","否","否","是","/deal/22319438"
"760","
            石景山区
        ","鑫港辉煌音乐KTV","￥308","￥818","","否","否","是","/deal/22305907"
"761","
            石景山区
        ","金唱纳量贩式ktv","￥518","￥860","","否","否","是","/deal/23458176"
"762","
            石景山区
        ","鑫港辉煌音乐KTV","￥238","￥568","1","否","否","是","/deal/22305641"
"763","
            石景山区
        ","无限时光ktv","￥258","￥320","","是","否","是","/deal/22581029"
"764","
            石景山区
        ","无限时光ktv","￥198","￥260","1","是","否","是","/deal/22580936"
"765","
            石景山区
        ","佰乐迪量贩式KTV","￥25","￥544","193","否","否","是","/deal/26553677"
"766","
            石景山区
        ","唱吧麦颂KTV","￥229","￥388","306","是","是","是","/deal/26692858"
"767","
            石景山区
        ","唱吧麦颂KTV","￥269","￥488","536","是","是","是","/deal/26693222"
"768","
            石景山区
        ","唱吧麦颂KTV","￥359","￥588","399","是","是","是","/deal/26693472"
"769","
            石景山区
        ","唱吧麦颂KTV","￥45","￥560","32214","是","是","是","/deal/26601913"
"770","
            石景山区
        ","唱吧麦颂KTV","￥529","￥788","105","是","是","是","/deal/26693641"
"771","
            石景山区
        ","唱吧麦颂KTV","￥429","￥688","98","是","是","是","/deal/26694095"
"772","
            石景山区
        ","唱吧麦颂KTV","￥319","￥488","243","是","是","是","/deal/26693288"
"773","
            顺义区
        ","J9量贩式KTV俱乐部","￥19","￥204","790","否","否","是","/deal/23341290"
"774","
            顺义区
        ","J9量贩式KTV俱乐部","￥35","￥258","2201","否","否","是","/deal/14754458"
"775","
            顺义区
        ","华夏之城ktv","￥38","￥288","79","是","否","是","/deal/14370588"
"776","
            顺义区
        ","金宝城音乐会馆","￥98","￥198","14","否","否","是","/deal/23203831"
"777","
            顺义区
        ","银樽KTV","￥20","￥88","113","是","否","是","/deal/18236716"
"778","
            顺义区
        ","百顺廷皇家音乐圣殿","￥10","￥200","117","是","否","否","/deal/19144674"
"779","
            顺义区
        ","金宝城音乐会馆","￥128","￥228","4","否","否","是","/deal/23203866"
"780","
            顺义区
        ","百顺廷皇家音乐圣殿","￥258","￥288","2","是","否","否","/deal/19176680"
"781","
            顺义区
        ","金宝城音乐会馆","￥158","￥298","3","否","否","是","/deal/23203919"
"782","
            顺义区
        ","百顺廷皇家音乐圣殿","￥420","￥488","2","是","否","否","/deal/19176834"
"783","
            顺义区
        ","月城音乐会所","￥79","￥168","3","是","否","是","/deal/15225653"
"784","
            顺义区
        ","百顺廷皇家音乐圣殿","￥330","￥388","","是","否","否","/deal/19176775"
"785","
            顺义区
        ","金声缘ktv","￥9.9","￥94","168","否","否","是","/deal/14743529"
"786","
            顺义区
        ","开心果KTV","￥498","￥1040","1","是","否","是","/deal/27823165"
"787","
            顺义区
        ","唱吧麦颂KTV","￥199","￥360","130","是","是","是","/deal/26690322"
"788","
            顺义区
        ","唱吧麦颂KTV","￥289","￥460","79","是","是","是","/deal/26691299"
"789","
            顺义区
        ","唱吧麦颂KTV","￥419","￥660","17","是","是","是","/deal/26692611"
"790","
            顺义区
        ","唱吧麦颂KTV","￥239","￥460","76","是","是","是","/deal/26690903"
"791","
            顺义区
        ","唱吧麦颂KTV","￥519","￥760","12","是","是","是","/deal/26692455"
"792","
            顺义区
        ","唱吧麦颂KTV","￥35","￥360","7663","是","是","是","/deal/26591632"
"793","
            顺义区
        ","唱吧麦颂KTV","￥329","￥560","72","是","是","是","/deal/26691389"
"794","
            顺义区
        ","麦乐汇KTV","￥25","￥80","98","是","否","是","/deal/26512302"
"795","
            顺义区
        ","开心果KTV","￥298","￥628","","是","否","是","/deal/27823103"
"796","
            顺义区
        ","开心果KTV","￥98","￥214","","是","否","是","/deal/27823204"
"797","
            房山区
        ","金天乐","￥10","￥88","4759","是","否","否","/deal/17556660"
"798","
            房山区
        ","盛世辉煌（房山店）","￥59","￥189","55","是","否","是","/deal/23609113"
"799","
            房山区
        ","优麦客量贩式KTV","￥15","￥66","537","是","否","是","/deal/23424121"
"800","
            房山区
        ","优麦客量贩式KTV","￥198","￥380","4","是","否","否","/deal/23127650"
"801","
            房山区
        ","优麦客量贩式KTV","￥228","￥380","13","是","否","否","/deal/23127939"
"802","
            房山区
        ","乐翻天KTV（绿地缤纷城店）","￥288","￥598","","是","否","是","/deal/25247834"
"803","
            房山区
        ","优麦客量贩式KTV","￥298","￥480","6","是","否","否","/deal/23128036"
"804","
            房山区
        ","优麦客量贩式KTV","￥328","￥480","6","是","否","否","/deal/23128169"
"805","
            房山区
        ","金海阁KTV","￥338","￥488","1","是","否","是","/deal/18349306"
"806","
            房山区
        ","金海阁KTV（良乡店）","￥438","￥688","","是","否","是","/deal/18349574"
"807","
            房山区
        ","纯k音乐氧吧量贩KTV","￥25","￥30","449","是","否","是","/deal/27202718"
"808","
            房山区
        ","唱吧麦颂KTV","￥529","￥788","105","是","是","是","/deal/26693641"
"809","
            房山区
        ","唱吧麦颂KTV","￥429","￥688","98","是","是","是","/deal/26694095"
"810","
            房山区
        ","唱吧麦颂KTV","￥319","￥488","243","是","是","是","/deal/26693288"
"811","
            房山区
        ","唱吧麦颂KTV","￥229","￥388","306","是","是","是","/deal/26692858"
"812","
            房山区
        ","唱吧麦颂KTV","￥269","￥488","536","是","是","是","/deal/26693222"
"813","
            房山区
        ","唱吧麦颂KTV","￥359","￥588","399","是","是","是","/deal/26693472"
"814","
            房山区
        ","唱吧麦颂KTV","￥45","￥560","32214","是","是","是","/deal/26601913"
"815","
            门头沟区
        ","友乐汇（门头沟店）","￥25","￥128","1349","是","否","否","/deal/24227153"
"816","
            门头沟区
        ","圣海湖KTV","￥20","￥168","677","否","否","否","/deal/25095598"
"817","
            门头沟区
        ","唱吧麦颂KTV","￥229","￥388","306","是","是","是","/deal/26692858"
"818","
            门头沟区
        ","唱吧麦颂KTV","￥269","￥488","536","是","是","是","/deal/26693222"
"819","
            门头沟区
        ","唱吧麦颂KTV","￥529","￥788","105","是","是","是","/deal/26693641"
"820","
            门头沟区
        ","唱吧麦颂KTV","￥429","￥688","98","是","是","是","/deal/26694095"
"821","
            门头沟区
        ","唱吧麦颂KTV","￥319","￥488","243","是","是","是","/deal/26693288"
"822","
            门头沟区
        ","唱吧麦颂KTV","￥359","￥588","399","是","是","是","/deal/26693472"
"823","
            门头沟区
        ","唱吧麦颂KTV","￥45","￥560","32214","是","是","是","/deal/26601913"
"824","
            怀柔区
        ","派对空间主题量贩KTV","￥10","￥210","1048","是","否","是","/deal/14844115"
"825","
            怀柔区
        ","影人娱乐KTV","￥19.9","￥90","293","否","否","是","/deal/19688910"
"826","
            怀柔区
        ","麦酷主题式量贩KTV","￥9.9","￥470","423","否","否","否","/deal/20957075"
"827","
            怀柔区
        ","派对空间主题量贩KTV","￥30","￥480","147","是","否","是","/deal/14846863"
"828","
            怀柔区
        ","影人娱乐KTV","￥160","￥198","36","否","否","是","/deal/19700214"
"829","
            怀柔区
        ","kiss音乐之声主题量贩KTV（怀柔店）","￥56","￥60","20","是","否","否","/deal/25416250"
"830","
            怀柔区
        ","kiss音乐之声主题量贩KTV（怀柔店）","￥238","￥258","2","是","否","否","/deal/25416276"
"831","
            怀柔区
        ","金都ktv","￥9.9","￥480","132","是","否","是","/deal/14837405"
"832","
            怀柔区
        ","kiss音乐之声主题量贩KTV（怀柔店）","￥68","￥80","3","是","否","是","/deal/25289371"
"833","
            怀柔区
        ","派对空间主题量贩KTV","￥10","￥210","85","是","否","是","/deal/14848183"
"834","
            怀柔区
        ","kiss音乐之声主题量贩KTV（怀柔店）","￥288","￥318","8","是","否","是","/deal/25289665"
"835","
            怀柔区
        ","影人娱乐KTV","￥400","￥498","","否","否","是","/deal/19700294"
"836","
            怀柔区
        ","kiss音乐之声主题量贩KTV（怀柔店）","￥560","￥580","","是","否","否","/deal/25416424"
"837","
            怀柔区
        ","kiss音乐之声主题量贩KTV（怀柔店）","￥460","￥490","1","是","否","否","/deal/25416375"
"838","
            怀柔区
        ","明珠量贩KTV","￥75","￥90","","否","否","是","/deal/27119268"
"839","
            怀柔区
        ","明珠量贩KTV","￥430","￥469","","否","否","是","/deal/27119306"
"840","
            怀柔区
        ","明珠量贩KTV","￥330","￥369","1","否","否","是","/deal/27119305"
"841","
            怀柔区
        ","明珠量贩KTV","￥230","￥269","","否","否","是","/deal/27119304"
"842","
            怀柔区
        ","明珠量贩KTV","￥55","￥70","1","否","否","是","/deal/27101491"
"843","
            怀柔区
        ","明珠量贩KTV","￥85","￥100","2","否","否","是","/deal/27119269"
"844","
            平谷区
        ","钻石量贩式KTV","￥30","￥320","370","是","否","否","/deal/14785524"
"845","
            平谷区
        ","唱吧麦颂KTV","￥35","￥360","1456","是","是","是","/deal/26601840"
"846","
            平谷区
        ","唱吧麦颂KTV","￥169","￥360","47","是","是","是","/deal/26695725"
"847","
            平谷区
        ","唱吧麦颂量贩式KTV","￥199","￥480","94","是","是","是","/deal/26695956"
"848","
            平谷区
        ","唱吧麦颂KTV","￥399","￥588","15","是","是","是","/deal/26695996"
"849","
            密云县
        ","万都金港KTV","￥80","￥476","370","否","否","是","/deal/19561562"
"850","
            密云县
        ","万都金港KTV","￥268","￥476","143","否","否","是","/deal/21359390"
"851","
            密云县
        ","万都金港ktv","￥70","￥476","191","否","否","是","/deal/15022831"
"852","
            密云县
        ","万都金港ktv","￥158","￥386","187","否","否","是","/deal/21370948"
"853","
            密云县
        ","万都金港KTV","￥130","￥536","81","否","否","是","/deal/19563588"
"854","
            密云县
        ","盛世夜都KTV","￥50","￥240","155","否","否","是","/deal/14524784"
"855","
            密云县
        ","万都金港KTV","￥180","￥636","35","否","否","是","/deal/19563702"
"856","
            密云县
        ","万都金港KTV","￥368","￥576","33","否","否","是","/deal/21359870"
"857","
            密云县
        ","万都金港ktv","￥258","￥686","24","否","否","是","/deal/21359098"
"858","
            密云县
        ","万都金港ktv","￥208","￥586","37","否","否","是","/deal/21370972"
"859","
            密云县
        ","万都金港KTV","￥468","￥676","27","否","否","是","/deal/21360095"
"860","
            密云县
        ","盛世夜都KTV","￥218","￥628","13","否","否","是","/deal/14665110"
"861","
            密云县
        ","盛世夜都KTV","￥80","￥480","26","否","否","是","/deal/14526496"
"862","
            密云县
        ","盛世夜都KTV","￥88","￥305","2","否","否","是","/deal/14525600"
"863","
            密云县
        ","万都金港ktv","￥110","￥640","36","否","否","是","/deal/15022880"
"864","
            密云县
        ","盛世夜都KTV","￥178","￥630","1","否","否","是","/deal/14557838"
"865","
            密云县
        ","万都金港ktv","￥160","￥812","18","否","否","是","/deal/15022901"
"866","
            密云县
        ","唱吧麦颂KTV","￥169","￥360","47","是","是","是","/deal/26695725"
"867","
            密云县
        ","唱吧麦颂量贩式KTV","￥199","￥480","94","是","是","是","/deal/26695956"
"868","
            密云县
        ","唱吧麦颂KTV","￥399","￥588","15","是","是","是","/deal/26695996"
"869","
            密云县
        ","唱吧麦颂KTV","￥35","￥360","1456","是","是","是","/deal/26601840"
"870","
            延庆县
        ","唱吧麦颂KTV","￥199","￥360","130","是","是","是","/deal/26690322"
"871","
            延庆县
        ","唱吧麦颂KTV","￥289","￥460","79","是","是","是","/deal/26691299"
"872","
            延庆县
        ","唱吧麦颂KTV","￥419","￥660","17","是","是","是","/deal/26692611"
"873","
            延庆县
        ","唱吧麦颂KTV","￥239","￥460","76","是","是","是","/deal/26690903"
"874","
            延庆县
        ","唱吧麦颂KTV","￥519","￥760","12","是","是","是","/deal/26692455"
"875","
            延庆县
        ","唱吧麦颂KTV","￥35","￥360","7663","是","是","是","/deal/26591632"
"876","
            延庆县
        ","唱吧麦颂KTV","￥329","￥560","72","是","是","是","/deal/26691389"
